Date,position,buy_price,sell_price,buy,sell,sellshort,buytocover,short_price,buytocover_price,profit_list,profit_fee_list,profit_fee_list_realized,index_ret,cum_index_ret
2022-01-03,0.0,0.0,0.0,0.0,0.0,0.0,0.0,0.0,0.0,0.0,0.0,0.0,0.0,0.0
2022-01-04,0.0,0.0,0.0,0.0,0.0,0.0,0.0,0.0,0.0,0.0,0.0,0.0,26982.03125,26982.03125
2022-01-05,0.0,0.0,0.0,0.0,0.0,0.0,0.0,0.0,0.0,0.0,0.0,0.0,40598.046875,67580.078125
2022-01-06,1.0,18395.720703125,0.0,3.0,0.0,0.0,0.0,0.0,0.0,-1512.109375,-1512.109375,0.0,-40482.03125,27098.046875
2022-01-07,1.0,0.0,0.0,0.0,0.0,0.0,0.0,0.0,0.0,-58553.90625,-59753.90625,0.0,-1512.109375,25585.9375
2022-01-10,0.0,0.0,18095.390625,0.0,5.0,0.0,0.0,0.0,0.0,0.0,0.0,-61266.015625,-58553.90625,-32967.96875
2022-01-11,0.0,0.0,0.0,0.0,0.0,0.0,0.0,0.0,0.0,0.0,0.0,0.0,34229.6875,1261.71875
2022-01-12,0.0,0.0,0.0,0.0,0.0,0.0,0.0,0.0,0.0,0.0,0.0,0.0,16370.3125,17632.03125
2022-01-13,1.0,18356.2109375,0.0,8.0,0.0,0.0,0.0,0.0,0.0,30557.8125,30557.8125,0.0,1564.0625,19196.09375
2022-01-14,1.0,0.0,0.0,0.0,0.0,0.0,0.0,0.0,0.0,630.078125,630.078125,0.0,30557.8125,49753.90625
2022-01-17,1.0,0.0,0.0,0.0,0.0,0.0,0.0,0.0,0.0,-3867.96875,-3867.96875,0.0,630.078125,50383.984375
2022-01-18,1.0,0.0,0.0,0.0,0.0,0.0,0.0,0.0,0.0,-43526.171875,-43526.171875,0.0,-3867.96875,46516.015625
2022-01-19,1.0,0.0,0.0,0.0,0.0,0.0,0.0,0.0,0.0,-12583.984375,-13783.984375,0.0,-43526.171875,2989.84375
2022-01-20,0.0,0.0,18212.259765625,0.0,13.0,0.0,0.0,0.0,0.0,0.0,0.0,-29990.234375,-12583.984375,-9594.140625
2022-01-21,0.0,0.0,0.0,0.0,0.0,0.0,0.0,0.0,0.0,0.0,0.0,0.0,-19664.0625,-29258.203125
2022-01-24,0.0,0.0,0.0,0.0,0.0,0.0,0.0,0.0,0.0,0.0,0.0,0.0,-54121.875,-83380.078125
2022-01-25,0.0,0.0,0.0,0.0,0.0,0.0,0.0,0.0,0.0,0.0,0.0,0.0,9476.171875,-73903.90625
2022-01-26,0.0,0.0,0.0,0.0,0.0,0.0,0.0,0.0,0.0,0.0,0.0,0.0,-46548.046875,-120451.953125
2022-02-07,0.0,0.0,0.0,0.0,0.0,0.0,0.0,0.0,0.0,0.0,0.0,0.0,18545.703125,-101906.25
2022-02-08,0.0,0.0,0.0,0.0,0.0,0.0,0.0,0.0,0.0,0.0,0.0,0.0,41050.0,-60856.25
2022-02-09,0.0,0.0,0.0,0.0,0.0,0.0,0.0,0.0,0.0,0.0,0.0,0.0,20876.171875,-39980.078125
2022-02-10,0.0,0.0,0.0,0.0,0.0,0.0,0.0,0.0,0.0,0.0,0.0,0.0,31391.796875,-8588.28125
2022-02-11,1.0,18258.810546875,0.0,22.0,0.0,0.0,0.0,0.0,0.0,-15216.015625,-15216.015625,0.0,8304.296875,-283.984375
2022-02-14,1.0,0.0,0.0,0.0,0.0,0.0,0.0,0.0,0.0,-40858.203125,-40858.203125,0.0,-15216.015625,-15500.0
2022-02-15,1.0,0.0,0.0,0.0,0.0,0.0,0.0,0.0,0.0,26146.09375,24946.09375,0.0,-40858.203125,-56358.203125
2022-02-16,0.0,0.0,18109.169921875,0.0,25.0,0.0,0.0,0.0,0.0,0.0,0.0,-31128.125,26146.09375,-30212.109375
2022-02-17,0.0,0.0,0.0,0.0,0.0,0.0,0.0,0.0,0.0,0.0,0.0,0.0,20826.171875,-9385.9375
2022-02-18,1.0,18250.369140625,0.0,27.0,0.0,0.0,0.0,0.0,0.0,-10793.75,-10793.75,0.0,7413.671875,-1972.265625
2022-02-21,1.0,0.0,0.0,0.0,0.0,0.0,0.0,0.0,0.0,-7378.125,-7378.125,0.0,-10793.75,-12766.015625
2022-02-22,1.0,0.0,0.0,0.0,0.0,0.0,0.0,0.0,0.0,-40951.953125,-42151.953125,0.0,-7378.125,-20144.140625
2022-02-23,0.0,0.0,17954.75,0.0,30.0,0.0,0.0,0.0,0.0,0.0,0.0,-60323.828125,-40951.953125,-61096.09375
2022-02-24,0.0,0.0,0.0,0.0,0.0,0.0,0.0,0.0,0.0,0.0,0.0,0.0,-3044.140625,-64140.234375
2022-02-25,0.0,0.0,0.0,0.0,0.0,0.0,0.0,0.0,0.0,0.0,0.0,0.0,-64433.984375,-128574.21875
2022-03-01,-1.0,0.0,0.0,0.0,0.0,33.0,0.0,17657.5,0.0,-41321.875,-41321.875,0.0,8028.125,-120546.09375
2022-03-02,-1.0,0.0,0.0,0.0,0.0,0.0,0.0,0.0,0.0,-13608.203125,-13608.203125,0.0,41321.875,-79224.21875
2022-03-03,-1.0,0.0,0.0,0.0,0.0,0.0,0.0,0.0,0.0,17428.125,17428.125,0.0,13608.203125,-65616.015625
2022-03-04,-1.0,0.0,0.0,0.0,0.0,0.0,0.0,0.0,0.0,52687.890625,52687.890625,0.0,-17428.125,-83044.140625
2022-03-07,-1.0,0.0,0.0,0.0,0.0,0.0,0.0,0.0,0.0,116314.0625,116314.0625,0.0,-52687.890625,-135732.03125
2022-03-08,-1.0,0.0,0.0,0.0,0.0,0.0,0.0,0.0,0.0,11183.984375,11183.984375,0.0,-116314.0625,-252046.09375
2022-03-09,-1.0,0.0,0.0,0.0,0.0,0.0,0.0,0.0,0.0,-56130.078125,-56130.078125,0.0,-11183.984375,-263230.078125
2022-03-10,-1.0,0.0,0.0,0.0,0.0,0.0,0.0,0.0,0.0,-29817.96875,-29817.96875,0.0,56130.078125,-207100.0
2022-03-11,-1.0,0.0,0.0,0.0,0.0,0.0,0.0,0.0,0.0,17183.984375,17183.984375,0.0,29817.96875,-177282.03125
2022-03-14,-1.0,0.0,0.0,0.0,0.0,0.0,0.0,0.0,0.0,22126.171875,22126.171875,0.0,-17183.984375,-194466.015625
2022-03-15,-1.0,0.0,0.0,0.0,0.0,0.0,0.0,0.0,0.0,33937.890625,33937.890625,0.0,-22126.171875,-216592.1875
2022-03-16,-1.0,0.0,0.0,0.0,0.0,0.0,0.0,0.0,0.0,-33046.09375,-33046.09375,0.0,-33937.890625,-250530.078125
2022-03-17,-1.0,0.0,0.0,0.0,0.0,0.0,0.0,0.0,0.0,-53419.921875,-53419.921875,0.0,33046.09375,-217483.984375
2022-03-18,-1.0,0.0,0.0,0.0,0.0,0.0,0.0,0.0,0.0,-12807.8125,-12807.8125,0.0,53419.921875,-164064.0625
2022-03-21,-1.0,0.0,0.0,0.0,0.0,0.0,0.0,0.0,0.0,-1692.1875,-2892.1875,0.0,12807.8125,-151256.25
2022-03-22,0.0,0.0,0.0,0.0,0.0,0.0,48.0,0.0,17512.41015625,0.0,0.0,27817.96875,1692.1875,-149564.0625
2022-03-23,1.0,17581.619140625,0.0,49.0,0.0,0.0,0.0,0.0,0.0,25910.15625,25910.15625,0.0,13841.796875,-135722.265625
2022-03-24,1.0,0.0,0.0,0.0,0.0,0.0,0.0,0.0,0.0,-3073.828125,-3073.828125,0.0,25910.15625,-109812.109375
2022-03-25,1.0,0.0,0.0,0.0,0.0,0.0,0.0,0.0,0.0,-37130.078125,-37130.078125,0.0,-3073.828125,-112885.9375
2022-03-28,1.0,0.0,0.0,0.0,0.0,0.0,0.0,0.0,0.0,11633.984375,11633.984375,0.0,-37130.078125,-150016.015625
2022-03-29,1.0,0.0,0.0,0.0,0.0,0.0,0.0,0.0,0.0,916.015625,-283.984375,0.0,11633.984375,-138382.03125
2022-03-30,0.0,0.0,17572.900390625,0.0,54.0,0.0,0.0,0.0,0.0,0.0,0.0,-2943.75,916.015625,-137466.015625
2022-03-31,1.0,17754.099609375,0.0,55.0,0.0,0.0,0.0,0.0,0.0,-19267.96875,-19267.96875,0.0,36239.84375,-101226.171875
2022-04-01,1.0,0.0,0.0,0.0,0.0,0.0,0.0,0.0,0.0,-34714.0625,-34714.0625,0.0,-19267.96875,-120494.140625
2022-04-06,1.0,0.0,0.0,0.0,0.0,0.0,0.0,0.0,0.0,-10811.71875,-10811.71875,0.0,-34714.0625,-155208.203125
2022-04-07,1.0,0.0,0.0,0.0,0.0,0.0,0.0,0.0,0.0,-43946.09375,-45146.09375,0.0,-10811.71875,-166019.921875
2022-04-08,0.0,0.0,17210.400390625,0.0,59.0,0.0,0.0,0.0,0.0,0.0,0.0,-109939.84375,-43946.09375,-209966.015625
2022-04-11,-1.0,0.0,0.0,0.0,0.0,60.0,0.0,17273.05078125,0.0,53442.1875,53442.1875,0.0,12530.078125,-197435.9375
2022-04-12,-1.0,0.0,0.0,0.0,0.0,0.0,0.0,0.0,0.0,-14912.109375,-14912.109375,0.0,-53442.1875,-250878.125
2022-04-13,-1.0,0.0,0.0,0.0,0.0,0.0,0.0,0.0,0.0,-54569.921875,-54569.921875,0.0,14912.109375,-235966.015625
2022-04-14,-1.0,0.0,0.0,0.0,0.0,0.0,0.0,0.0,0.0,42782.03125,42782.03125,0.0,54569.921875,-181396.09375
2022-04-15,-1.0,0.0,0.0,0.0,0.0,0.0,0.0,0.0,0.0,36135.9375,36135.9375,0.0,-42782.03125,-224178.125
2022-04-18,-1.0,0.0,0.0,0.0,0.0,0.0,0.0,0.0,0.0,6464.0625,6464.0625,0.0,-36135.9375,-260314.0625
2022-04-19,-1.0,0.0,0.0,0.0,0.0,0.0,0.0,0.0,0.0,-26158.203125,-26158.203125,0.0,-6464.0625,-266778.125
2022-04-20,-1.0,0.0,0.0,0.0,0.0,0.0,0.0,0.0,0.0,-20550.0,-20550.0,0.0,26158.203125,-240619.921875
2022-04-21,-1.0,0.0,0.0,0.0,0.0,0.0,0.0,0.0,0.0,14224.21875,14224.21875,0.0,20550.0,-220069.921875
2022-04-22,-1.0,0.0,0.0,0.0,0.0,0.0,0.0,0.0,0.0,35291.796875,35291.796875,0.0,-14224.21875,-234294.140625
2022-04-25,-1.0,0.0,0.0,0.0,0.0,0.0,0.0,0.0,0.0,46892.1875,46892.1875,0.0,-35291.796875,-269585.9375
2022-04-26,-1.0,0.0,0.0,0.0,0.0,0.0,0.0,0.0,0.0,50103.90625,50103.90625,0.0,-46892.1875,-316478.125
2022-04-27,-1.0,0.0,0.0,0.0,0.0,0.0,0.0,0.0,0.0,15320.1171875,15320.1171875,0.0,-50103.90625,-366582.03125
2022-04-28,-1.0,0.0,0.0,0.0,0.0,0.0,0.0,0.0,0.0,-49824.0234375,-49824.0234375,0.0,-15320.1171875,-381902.1484375
2022-04-29,-1.0,0.0,0.0,0.0,0.0,0.0,0.0,0.0,0.0,1325.78125,1325.78125,0.0,49824.0234375,-332078.125
2022-05-03,-1.0,0.0,0.0,0.0,0.0,0.0,0.0,0.0,0.0,12368.359375,12368.359375,0.0,-1325.78125,-333403.90625
2022-05-04,-1.0,0.0,0.0,0.0,0.0,0.0,0.0,0.0,0.0,-31722.265625,-31722.265625,0.0,-12368.359375,-345772.265625
2022-05-05,-1.0,0.0,0.0,0.0,0.0,0.0,0.0,0.0,0.0,39774.21875,39774.21875,0.0,31722.265625,-314050.0
2022-05-06,-1.0,0.0,0.0,0.0,0.0,0.0,0.0,0.0,0.0,29053.90625,29053.90625,0.0,-39774.21875,-353824.21875
2022-05-09,-1.0,0.0,0.0,0.0,0.0,0.0,0.0,0.0,0.0,90887.890625,90887.890625,0.0,-29053.90625,-382878.125
2022-05-10,-1.0,0.0,0.0,0.0,0.0,0.0,0.0,0.0,0.0,-32469.921875,-32469.921875,0.0,-90887.890625,-473766.015625
2022-05-11,-1.0,0.0,0.0,0.0,0.0,0.0,0.0,0.0,0.0,22025.9765625,22025.9765625,0.0,32469.921875,-441296.09375
2022-05-12,-1.0,0.0,0.0,0.0,0.0,0.0,0.0,0.0,0.0,51293.9453125,51293.9453125,0.0,-22025.9765625,-463322.0703125
2022-05-13,-1.0,0.0,0.0,0.0,0.0,0.0,0.0,0.0,0.0,-51308.0078125,-51308.0078125,0.0,-51293.9453125,-514616.015625
2022-05-16,-1.0,0.0,0.0,0.0,0.0,0.0,0.0,0.0,0.0,5552.1484375,5552.1484375,0.0,51308.0078125,-463308.0078125
2022-05-17,-1.0,0.0,0.0,0.0,0.0,0.0,0.0,0.0,0.0,-51770.1171875,-51770.1171875,0.0,-5552.1484375,-468860.15625
2022-05-18,-1.0,0.0,0.0,0.0,0.0,0.0,0.0,0.0,0.0,12658.0078125,12658.0078125,0.0,51770.1171875,-417090.0390625
2022-05-19,-1.0,0.0,0.0,0.0,0.0,0.0,0.0,0.0,0.0,9914.0625,9914.0625,0.0,-12658.0078125,-429748.046875
2022-05-20,-1.0,0.0,0.0,0.0,0.0,0.0,0.0,0.0,0.0,-26400.0,-26400.0,0.0,-9914.0625,-439662.109375
2022-05-23,-1.0,0.0,0.0,0.0,0.0,0.0,0.0,0.0,0.0,5469.921875,5469.921875,0.0,26400.0,-413262.109375
2022-05-24,-1.0,0.0,0.0,0.0,0.0,0.0,0.0,0.0,0.0,35766.015625,35766.015625,0.0,-5469.921875,-418732.03125
2022-05-25,-1.0,0.0,0.0,0.0,0.0,0.0,0.0,0.0,0.0,-28093.9453125,-28093.9453125,0.0,-35766.015625,-454498.046875
2022-05-26,-1.0,0.0,0.0,0.0,0.0,0.0,0.0,0.0,0.0,10459.9609375,10459.9609375,0.0,28093.9453125,-426404.1015625
2022-05-27,-1.0,0.0,0.0,0.0,0.0,0.0,0.0,0.0,0.0,-58603.90625,-58603.90625,0.0,-10459.9609375,-436864.0625
2022-05-30,-1.0,0.0,0.0,0.0,0.0,0.0,0.0,0.0,0.0,-38550.0,-39750.0,0.0,58603.90625,-378260.15625
2022-05-31,0.0,0.0,0.0,0.0,0.0,0.0,95.0,0.0,16561.6796875,0.0,0.0,141074.21875,38550.0,-339710.15625
2022-06-01,1.0,16718.91015625,0.0,96.0,0.0,0.0,0.0,0.0,0.0,-22689.84375,-22689.84375,0.0,31446.09375,-308264.0625
2022-06-02,1.0,0.0,0.0,0.0,0.0,0.0,0.0,0.0,0.0,-6914.0625,-6914.0625,0.0,-22689.84375,-330953.90625
2022-06-06,1.0,0.0,0.0,0.0,0.0,0.0,0.0,0.0,0.0,4571.875,4571.875,0.0,-6914.0625,-337867.96875
2022-06-07,1.0,0.0,0.0,0.0,0.0,0.0,0.0,0.0,0.0,-11016.015625,-11016.015625,0.0,4571.875,-333296.09375
2022-06-08,1.0,0.0,0.0,0.0,0.0,0.0,0.0,0.0,0.0,21055.859375,21055.859375,0.0,-11016.015625,-344312.109375
2022-06-09,1.0,0.0,0.0,0.0,0.0,0.0,0.0,0.0,0.0,-12427.734375,-12427.734375,0.0,21055.859375,-323256.25
2022-06-10,1.0,0.0,0.0,0.0,0.0,0.0,0.0,0.0,0.0,-57348.046875,-57348.046875,0.0,-12427.734375,-335683.984375
2022-06-13,1.0,0.0,0.0,0.0,0.0,0.0,0.0,0.0,0.0,-63980.078125,-65180.078125,0.0,-57348.046875,-393032.03125
2022-06-14,0.0,0.0,15975.169921875,0.0,104.0,0.0,0.0,0.0,0.0,0.0,0.0,-149948.046875,-63980.078125,-457012.109375
2022-06-15,0.0,0.0,0.0,0.0,0.0,0.0,0.0,0.0,0.0,0.0,0.0,0.0,10133.984375,-446878.125
2022-06-16,0.0,0.0,0.0,0.0,0.0,0.0,0.0,0.0,0.0,0.0,0.0,0.0,14490.0390625,-432388.0859375
2022-06-17,0.0,0.0,0.0,0.0,0.0,0.0,0.0,0.0,0.0,0.0,0.0,0.0,-60825.9765625,-493214.0625
2022-06-20,0.0,0.0,0.0,0.0,0.0,0.0,0.0,0.0,0.0,0.0,0.0,0.0,-28991.9921875,-522206.0546875
2022-06-21,0.0,0.0,0.0,0.0,0.0,0.0,0.0,0.0,0.0,0.0,0.0,0.0,-44374.0234375,-566580.078125
2022-06-22,0.0,0.0,0.0,0.0,0.0,0.0,0.0,0.0,0.0,0.0,0.0,0.0,52025.9765625,-514554.1015625
2022-06-23,0.0,0.0,0.0,0.0,0.0,0.0,0.0,0.0,0.0,0.0,0.0,0.0,-76390.0390625,-590944.140625
2022-06-24,0.0,0.0,0.0,0.0,0.0,0.0,0.0,0.0,0.0,0.0,0.0,0.0,-14633.984375,-605578.125
2022-06-27,0.0,0.0,0.0,0.0,0.0,0.0,0.0,0.0,0.0,0.0,0.0,0.0,35348.046875,-570230.078125
2022-06-28,0.0,0.0,0.0,0.0,0.0,0.0,0.0,0.0,0.0,0.0,0.0,0.0,22095.8984375,-548134.1796875
2022-06-29,0.0,0.0,0.0,0.0,0.0,0.0,0.0,0.0,0.0,0.0,0.0,0.0,-30803.90625,-578938.0859375
2022-06-30,0.0,0.0,0.0,0.0,0.0,0.0,0.0,0.0,0.0,0.0,0.0,0.0,-43724.0234375,-622662.109375
2022-07-01,0.0,0.0,0.0,0.0,0.0,0.0,0.0,0.0,0.0,0.0,0.0,0.0,-66958.0078125,-689620.1171875
2022-07-04,-1.0,0.0,0.0,0.0,0.0,118.0,0.0,14237.830078125,0.0,-21541.9921875,-21541.9921875,0.0,-114859.9609375,-804480.078125
2022-07-05,-1.0,0.0,0.0,0.0,0.0,0.0,0.0,0.0,0.0,11174.0234375,11174.0234375,0.0,21541.9921875,-782938.0859375
2022-07-06,-1.0,0.0,0.0,0.0,0.0,0.0,0.0,0.0,0.0,47498.046875,47498.046875,0.0,-11174.0234375,-794112.109375
2022-07-07,-1.0,0.0,0.0,0.0,0.0,0.0,0.0,0.0,0.0,-82064.0625,-82064.0625,0.0,-47498.046875,-841610.15625
2022-07-08,-1.0,0.0,0.0,0.0,0.0,0.0,0.0,0.0,0.0,-3161.9140625,-3161.9140625,0.0,82064.0625,-759546.09375
2022-07-11,-1.0,0.0,0.0,0.0,0.0,0.0,0.0,0.0,0.0,48535.9375,48535.9375,0.0,3161.9140625,-756384.1796875
2022-07-12,-1.0,0.0,0.0,0.0,0.0,0.0,0.0,0.0,0.0,8137.890625,8137.890625,0.0,-48535.9375,-804920.1171875
2022-07-13,-1.0,0.0,0.0,0.0,0.0,0.0,0.0,0.0,0.0,-11415.8203125,-11415.8203125,0.0,-8137.890625,-813058.0078125
2022-07-14,-1.0,0.0,0.0,0.0,0.0,0.0,0.0,0.0,0.0,-46388.0859375,-46388.0859375,0.0,11415.8203125,-801642.1875
2022-07-15,-1.0,0.0,0.0,0.0,0.0,0.0,0.0,0.0,0.0,-21027.9296875,-21027.9296875,0.0,46388.0859375,-755254.1015625
2022-07-18,-1.0,0.0,0.0,0.0,0.0,0.0,0.0,0.0,0.0,-9870.1171875,-9870.1171875,0.0,21027.9296875,-734226.171875
2022-07-19,-1.0,0.0,0.0,0.0,0.0,0.0,0.0,0.0,0.0,-34390.0390625,-34390.0390625,0.0,9870.1171875,-724356.0546875
2022-07-20,-1.0,0.0,0.0,0.0,0.0,0.0,0.0,0.0,0.0,13246.09375,13246.09375,0.0,34390.0390625,-689966.015625
2022-07-21,-1.0,0.0,0.0,0.0,0.0,0.0,0.0,0.0,0.0,-41819.921875,-43019.921875,0.0,-13246.09375,-703212.109375
2022-07-22,0.0,0.0,0.0,0.0,0.0,0.0,132.0,0.0,14953.26953125,0.0,0.0,-144287.890625,41819.921875,-661392.1875
2022-07-25,1.0,14902.25,0.0,133.0,0.0,0.0,0.0,0.0,0.0,2032.03125,2032.03125,0.0,-10203.90625,-671596.09375
2022-07-26,1.0,0.0,0.0,0.0,0.0,0.0,0.0,0.0,0.0,-24140.0390625,-24140.0390625,0.0,2032.03125,-669564.0625
2022-07-27,1.0,0.0,0.0,0.0,0.0,0.0,0.0,0.0,0.0,37448.046875,37448.046875,0.0,-24140.0390625,-693704.1015625
2022-07-28,1.0,0.0,0.0,0.0,0.0,0.0,0.0,0.0,0.0,-5754.1015625,-5754.1015625,0.0,37448.046875,-656256.0546875
2022-07-29,1.0,0.0,0.0,0.0,0.0,0.0,0.0,0.0,0.0,6417.96875,6417.96875,0.0,-5754.1015625,-662010.15625
2022-08-01,1.0,0.0,0.0,0.0,0.0,0.0,0.0,0.0,0.0,-24265.8203125,-24265.8203125,0.0,6417.96875,-655592.1875
2022-08-02,1.0,0.0,0.0,0.0,0.0,0.0,0.0,0.0,0.0,-20686.1328125,-20686.1328125,0.0,-24265.8203125,-679858.0078125
2022-08-03,1.0,0.0,0.0,0.0,0.0,0.0,0.0,0.0,0.0,-3208.0078125,-4408.0078125,0.0,-20686.1328125,-700544.140625
2022-08-04,0.0,0.0,14741.4697265625,0.0,141.0,0.0,0.0,0.0,0.0,0.0,0.0,-33356.0546875,-3208.0078125,-703752.1484375
2022-08-05,0.0,0.0,0.0,0.0,0.0,0.0,0.0,0.0,0.0,0.0,0.0,0.0,12174.0234375,-691578.125
2022-08-08,0.0,0.0,0.0,0.0,0.0,0.0,0.0,0.0,0.0,0.0,0.0,0.0,33974.0234375,-657604.1015625
2022-08-09,1.0,14965.1201171875,0.0,144.0,0.0,0.0,0.0,0.0,0.0,-4872.0703125,-4872.0703125,0.0,-1417.96875,-659022.0703125
2022-08-10,1.0,0.0,0.0,0.0,0.0,0.0,0.0,0.0,0.0,29366.015625,29366.015625,0.0,-4872.0703125,-663894.140625
2022-08-11,1.0,0.0,0.0,0.0,0.0,0.0,0.0,0.0,0.0,23264.0625,23264.0625,0.0,29366.015625,-634528.125
2022-08-12,1.0,0.0,0.0,0.0,0.0,0.0,0.0,0.0,0.0,25801.953125,25801.953125,0.0,23264.0625,-611264.0625
2022-08-15,1.0,0.0,0.0,0.0,0.0,0.0,0.0,0.0,0.0,20424.0234375,20424.0234375,0.0,25801.953125,-585462.109375
2022-08-16,1.0,0.0,0.0,0.0,0.0,0.0,0.0,0.0,0.0,-2319.921875,-2319.921875,0.0,20424.0234375,-565038.0859375
2022-08-17,1.0,0.0,0.0,0.0,0.0,0.0,0.0,0.0,0.0,-7741.9921875,-7741.9921875,0.0,-2319.921875,-567358.0078125
2022-08-18,1.0,0.0,0.0,0.0,0.0,0.0,0.0,0.0,0.0,1925.9765625,1925.9765625,0.0,-7741.9921875,-575100.0
2022-08-19,1.0,0.0,0.0,0.0,0.0,0.0,0.0,0.0,0.0,-3832.03125,-3832.03125,0.0,1925.9765625,-573174.0234375
2022-08-22,1.0,0.0,0.0,0.0,0.0,0.0,0.0,0.0,0.0,-30006.0546875,-30006.0546875,0.0,-3832.03125,-577006.0546875
2022-08-23,1.0,0.0,0.0,0.0,0.0,0.0,0.0,0.0,0.0,-22603.90625,-22603.90625,0.0,-30006.0546875,-607012.109375
2022-08-24,1.0,0.0,0.0,0.0,0.0,0.0,0.0,0.0,0.0,-1368.1640625,-2568.1640625,0.0,-22603.90625,-629616.015625
2022-08-25,0.0,0.0,15105.3095703125,0.0,156.0,0.0,0.0,0.0,0.0,0.0,0.0,26837.890625,-1368.1640625,-630984.1796875
2022-08-26,0.0,0.0,0.0,0.0,0.0,0.0,0.0,0.0,0.0,0.0,0.0,0.0,23238.0859375,-607746.09375
2022-08-29,1.0,15197.1904296875,0.0,158.0,0.0,0.0,0.0,0.0,0.0,-55504.1015625,-55504.1015625,0.0,-4861.9140625,-612608.0078125
2022-08-30,1.0,0.0,0.0,0.0,0.0,0.0,0.0,0.0,0.0,-1509.9609375,-2709.9609375,0.0,-55504.1015625,-668112.109375
2022-08-31,0.0,0.0,14912.1201171875,0.0,160.0,0.0,0.0,0.0,0.0,0.0,0.0,-58214.0625,-1509.9609375,-669622.0703125
2022-09-01,0.0,0.0,0.0,0.0,0.0,0.0,0.0,0.0,0.0,0.0,0.0,0.0,13775.9765625,-655846.09375
2022-09-02,0.0,0.0,0.0,0.0,0.0,0.0,0.0,0.0,0.0,0.0,0.0,0.0,-38143.9453125,-693990.0390625
2022-09-05,-1.0,0.0,0.0,0.0,0.0,163.0,0.0,14670.1796875,0.0,-6996.09375,-6996.09375,0.0,-24020.1171875,-718010.15625
2022-09-06,-1.0,0.0,0.0,0.0,0.0,0.0,0.0,0.0,0.0,29459.9609375,29459.9609375,0.0,6996.09375,-711014.0625
2022-09-07,-1.0,0.0,0.0,0.0,0.0,0.0,0.0,0.0,0.0,22154.1015625,22154.1015625,0.0,-29459.9609375,-740474.0234375
2022-09-08,-1.0,0.0,0.0,0.0,0.0,0.0,0.0,0.0,0.0,-52850.0,-52850.0,0.0,-22154.1015625,-762628.125
2022-09-12,-1.0,0.0,0.0,0.0,0.0,0.0,0.0,0.0,0.0,-36906.0546875,-36906.0546875,0.0,52850.0,-709778.125
2022-09-13,-1.0,0.0,0.0,0.0,0.0,0.0,0.0,0.0,0.0,40135.9375,40135.9375,0.0,36906.0546875,-672872.0703125
2022-09-14,-1.0,0.0,0.0,0.0,0.0,0.0,0.0,0.0,0.0,9638.0859375,9638.0859375,0.0,-40135.9375,-713008.0078125
2022-09-15,-1.0,0.0,0.0,0.0,0.0,0.0,0.0,0.0,0.0,8967.96875,8967.96875,0.0,-9638.0859375,-722646.09375
2022-09-16,-1.0,0.0,0.0,0.0,0.0,0.0,0.0,0.0,0.0,6978.125,6978.125,0.0,-8967.96875,-731614.0625
2022-09-19,-1.0,0.0,0.0,0.0,0.0,0.0,0.0,0.0,0.0,18463.8671875,18463.8671875,0.0,-6978.125,-738592.1875
2022-09-20,-1.0,0.0,0.0,0.0,0.0,0.0,0.0,0.0,0.0,-8477.9296875,-8477.9296875,0.0,-18463.8671875,-757056.0546875
2022-09-21,-1.0,0.0,0.0,0.0,0.0,0.0,0.0,0.0,0.0,38333.984375,38333.984375,0.0,8477.9296875,-748578.125
2022-09-22,-1.0,0.0,0.0,0.0,0.0,0.0,0.0,0.0,0.0,18927.9296875,18927.9296875,0.0,-38333.984375,-786912.109375
2022-09-23,-1.0,0.0,0.0,0.0,0.0,0.0,0.0,0.0,0.0,47522.0703125,47522.0703125,0.0,-18927.9296875,-805840.0390625
2022-09-26,-1.0,0.0,0.0,0.0,0.0,0.0,0.0,0.0,0.0,36085.9375,36085.9375,0.0,-47522.0703125,-853362.109375
2022-09-27,-1.0,0.0,0.0,0.0,0.0,0.0,0.0,0.0,0.0,-741.9921875,-741.9921875,0.0,-36085.9375,-889448.046875
2022-09-28,-1.0,0.0,0.0,0.0,0.0,0.0,0.0,0.0,0.0,53200.0,53200.0,0.0,741.9921875,-888706.0546875
2022-09-29,-1.0,0.0,0.0,0.0,0.0,0.0,0.0,0.0,0.0,28209.9609375,28209.9609375,0.0,-53200.0,-941906.0546875
2022-09-30,-1.0,0.0,0.0,0.0,0.0,0.0,0.0,0.0,0.0,10078.125,10078.125,0.0,-28209.9609375,-970116.015625
2022-10-03,-1.0,0.0,0.0,0.0,0.0,0.0,0.0,0.0,0.0,-17620.1171875,-17620.1171875,0.0,-10078.125,-980194.140625
2022-10-04,-1.0,0.0,0.0,0.0,0.0,0.0,0.0,0.0,0.0,-55987.890625,-55987.890625,0.0,17620.1171875,-962574.0234375
2022-10-05,-1.0,0.0,0.0,0.0,0.0,0.0,0.0,0.0,0.0,-27630.078125,-27630.078125,0.0,55987.890625,-906586.1328125
2022-10-06,-1.0,0.0,0.0,0.0,0.0,0.0,0.0,0.0,0.0,3586.1328125,3586.1328125,0.0,27630.078125,-878956.0546875
2022-10-07,-1.0,0.0,0.0,0.0,0.0,0.0,0.0,0.0,0.0,90679.8828125,90679.8828125,0.0,-3586.1328125,-882542.1875
2022-10-11,-1.0,0.0,0.0,0.0,0.0,0.0,0.0,0.0,0.0,63441.9921875,63441.9921875,0.0,-90679.8828125,-973222.0703125
2022-10-12,-1.0,0.0,0.0,0.0,0.0,0.0,0.0,0.0,0.0,-6298.046875,-6298.046875,0.0,-63441.9921875,-1036664.0625
2022-10-13,-1.0,0.0,0.0,0.0,0.0,0.0,0.0,0.0,0.0,16938.0859375,16938.0859375,0.0,6298.046875,-1030366.015625
2022-10-14,-1.0,0.0,0.0,0.0,0.0,0.0,0.0,0.0,0.0,6975.9765625,6975.9765625,0.0,-16938.0859375,-1047304.1015625
2022-10-17,-1.0,0.0,0.0,0.0,0.0,0.0,0.0,0.0,0.0,-17243.9453125,-17243.9453125,0.0,-6975.9765625,-1054280.078125
2022-10-18,-1.0,0.0,0.0,0.0,0.0,0.0,0.0,0.0,0.0,-4259.9609375,-4259.9609375,0.0,17243.9453125,-1037036.1328125
2022-10-19,-1.0,0.0,0.0,0.0,0.0,0.0,0.0,0.0,0.0,36683.984375,36683.984375,0.0,4259.9609375,-1032776.171875
2022-10-20,-1.0,0.0,0.0,0.0,0.0,0.0,0.0,0.0,0.0,-3654.1015625,-3654.1015625,0.0,-36683.984375,-1069460.15625
2022-10-21,-1.0,0.0,0.0,0.0,0.0,0.0,0.0,0.0,0.0,3524.0234375,3524.0234375,0.0,3654.1015625,-1065806.0546875
2022-10-24,-1.0,0.0,0.0,0.0,0.0,0.0,0.0,0.0,0.0,16658.0078125,16658.0078125,0.0,-3524.0234375,-1069330.078125
2022-10-25,-1.0,0.0,0.0,0.0,0.0,0.0,0.0,0.0,0.0,32774.0234375,32774.0234375,0.0,-16658.0078125,-1085988.0859375
2022-10-26,-1.0,0.0,0.0,0.0,0.0,0.0,0.0,0.0,0.0,-28254.1015625,-28254.1015625,0.0,-32774.0234375,-1118762.109375
2022-10-27,-1.0,0.0,0.0,0.0,0.0,0.0,0.0,0.0,0.0,-13427.9296875,-13427.9296875,0.0,28254.1015625,-1090508.0078125
2022-10-28,-1.0,0.0,0.0,0.0,0.0,0.0,0.0,0.0,0.0,2491.9921875,2491.9921875,0.0,13427.9296875,-1077080.078125
2022-10-31,-1.0,0.0,0.0,0.0,0.0,0.0,0.0,0.0,0.0,-14150.0,-14150.0,0.0,-2491.9921875,-1079572.0703125
2022-11-01,-1.0,0.0,0.0,0.0,0.0,0.0,0.0,0.0,0.0,-20006.0546875,-20006.0546875,0.0,14150.0,-1065422.0703125
2022-11-02,-1.0,0.0,0.0,0.0,0.0,0.0,0.0,0.0,0.0,9520.1171875,9520.1171875,0.0,20006.0546875,-1045416.015625
2022-11-03,-1.0,0.0,0.0,0.0,0.0,0.0,0.0,0.0,0.0,8753.90625,8753.90625,0.0,-9520.1171875,-1054936.1328125
2022-11-04,-1.0,0.0,0.0,0.0,0.0,0.0,0.0,0.0,0.0,-33513.8671875,-33513.8671875,0.0,-8753.90625,-1063690.0390625
2022-11-07,-1.0,0.0,0.0,0.0,0.0,0.0,0.0,0.0,0.0,-33112.109375,-33112.109375,0.0,33513.8671875,-1030176.171875
2022-11-08,-1.0,0.0,0.0,0.0,0.0,0.0,0.0,0.0,0.0,-27056.0546875,-28256.0546875,0.0,33112.109375,-997064.0625
2022-11-09,0.0,0.0,0.0,0.0,0.0,0.0,208.0,0.0,13410.1904296875,0.0,0.0,250797.8515625,27056.0546875,-970008.0078125
2022-11-10,1.0,13556.509765625,0.0,209.0,0.0,0.0,0.0,0.0,0.0,64488.0859375,64488.0859375,0.0,29263.8671875,-940744.140625
2022-11-11,1.0,0.0,0.0,0.0,0.0,0.0,0.0,0.0,0.0,40391.9921875,40391.9921875,0.0,64488.0859375,-876256.0546875
2022-11-14,1.0,0.0,0.0,0.0,0.0,0.0,0.0,0.0,0.0,48916.015625,48916.015625,0.0,40391.9921875,-835864.0625
2022-11-15,1.0,0.0,0.0,0.0,0.0,0.0,0.0,0.0,0.0,62471.875,62471.875,0.0,48916.015625,-786948.046875
2022-11-16,1.0,0.0,0.0,0.0,0.0,0.0,0.0,0.0,0.0,-29687.890625,-29687.890625,0.0,62471.875,-724476.171875
2022-11-17,1.0,0.0,0.0,0.0,0.0,0.0,0.0,0.0,0.0,18979.8828125,18979.8828125,0.0,-29687.890625,-754164.0625
2022-11-18,1.0,0.0,0.0,0.0,0.0,0.0,0.0,0.0,0.0,-13919.921875,-13919.921875,0.0,18979.8828125,-735184.1796875
2022-11-21,1.0,0.0,0.0,0.0,0.0,0.0,0.0,0.0,0.0,-22125.9765625,-22125.9765625,0.0,-13919.921875,-749104.1015625
2022-11-22,1.0,0.0,0.0,0.0,0.0,0.0,0.0,0.0,0.0,38283.984375,38283.984375,0.0,-22125.9765625,-771230.078125
2022-11-23,1.0,0.0,0.0,0.0,0.0,0.0,0.0,0.0,0.0,10859.9609375,10859.9609375,0.0,38283.984375,-732946.09375
2022-11-24,1.0,0.0,0.0,0.0,0.0,0.0,0.0,0.0,0.0,23028.125,23028.125,0.0,10859.9609375,-722086.1328125
2022-11-25,1.0,0.0,0.0,0.0,0.0,0.0,0.0,0.0,0.0,-25608.0078125,-25608.0078125,0.0,23028.125,-699058.0078125
2022-11-28,1.0,0.0,0.0,0.0,0.0,0.0,0.0,0.0,0.0,-26622.0703125,-26622.0703125,0.0,-25608.0078125,-724666.015625
2022-11-29,1.0,0.0,0.0,0.0,0.0,0.0,0.0,0.0,0.0,34888.0859375,34888.0859375,0.0,-26622.0703125,-751288.0859375
2022-11-30,1.0,0.0,0.0,0.0,0.0,0.0,0.0,0.0,0.0,76337.890625,76337.890625,0.0,34888.0859375,-716400.0
2022-12-01,1.0,0.0,0.0,0.0,0.0,0.0,0.0,0.0,0.0,-25343.9453125,-25343.9453125,0.0,76337.890625,-640062.109375
2022-12-02,1.0,0.0,0.0,0.0,0.0,0.0,0.0,0.0,0.0,7793.9453125,7793.9453125,0.0,-25343.9453125,-665406.0546875
2022-12-05,1.0,0.0,0.0,0.0,0.0,0.0,0.0,0.0,0.0,-3375.9765625,-3375.9765625,0.0,7793.9453125,-657612.109375
2022-12-06,1.0,0.0,0.0,0.0,0.0,0.0,0.0,0.0,0.0,-49441.9921875,-49441.9921875,0.0,-3375.9765625,-660988.0859375
2022-12-07,1.0,0.0,0.0,0.0,0.0,0.0,0.0,0.0,0.0,-15374.0234375,-15374.0234375,0.0,-49441.9921875,-710430.078125
2022-12-08,1.0,0.0,0.0,0.0,0.0,0.0,0.0,0.0,0.0,-2188.0859375,-2188.0859375,0.0,-15374.0234375,-725804.1015625
2022-12-09,1.0,0.0,0.0,0.0,0.0,0.0,0.0,0.0,0.0,7638.0859375,7638.0859375,0.0,-2188.0859375,-727992.1875
2022-12-12,1.0,0.0,0.0,0.0,0.0,0.0,0.0,0.0,0.0,-8119.921875,-8119.921875,0.0,7638.0859375,-720354.1015625
2022-12-13,1.0,0.0,0.0,0.0,0.0,0.0,0.0,0.0,0.0,-12060.15625,-12060.15625,0.0,-8119.921875,-728474.0234375
2022-12-14,1.0,0.0,0.0,0.0,0.0,0.0,0.0,0.0,0.0,27072.0703125,27072.0703125,0.0,-12060.15625,-740534.1796875
2022-12-15,1.0,0.0,0.0,0.0,0.0,0.0,0.0,0.0,0.0,-27741.9921875,-27741.9921875,0.0,27072.0703125,-713462.109375
2022-12-16,1.0,0.0,0.0,0.0,0.0,0.0,0.0,0.0,0.0,-15151.953125,-15151.953125,0.0,-27741.9921875,-741204.1015625
2022-12-19,1.0,0.0,0.0,0.0,0.0,0.0,0.0,0.0,0.0,-13540.0390625,-14740.0390625,0.0,-15151.953125,-756356.0546875
2022-12-20,0.0,0.0,14410.75,0.0,237.0,0.0,0.0,0.0,0.0,0.0,0.0,169648.046875,-13540.0390625,-769896.09375
2022-12-21,-1.0,0.0,0.0,0.0,0.0,238.0,0.0,14205.0595703125,0.0,-23596.09375,-23596.09375,0.0,-41138.0859375,-811034.1796875
2022-12-22,-1.0,0.0,0.0,0.0,0.0,0.0,0.0,0.0,0.0,983.984375,983.984375,0.0,23596.09375,-787438.0859375
2022-12-23,-1.0,0.0,0.0,0.0,0.0,0.0,0.0,0.0,0.0,9383.984375,9383.984375,0.0,-983.984375,-788422.0703125
2022-12-26,-1.0,0.0,0.0,0.0,0.0,0.0,0.0,0.0,0.0,-7798.046875,-7798.046875,0.0,-9383.984375,-797806.0546875
2022-12-27,-1.0,0.0,0.0,0.0,0.0,0.0,0.0,0.0,0.0,12072.0703125,12072.0703125,0.0,7798.046875,-790008.0078125
2022-12-28,-1.0,0.0,0.0,0.0,0.0,0.0,0.0,0.0,0.0,30464.0625,30464.0625,0.0,-12072.0703125,-802080.078125
2022-12-29,-1.0,0.0,0.0,0.0,0.0,0.0,0.0,0.0,0.0,-17201.953125,-17201.953125,0.0,-30464.0625,-832544.140625
2022-12-30,-1.0,0.0,0.0,0.0,0.0,0.0,0.0,0.0,0.0,15071.875,15071.875,0.0,17201.953125,-815342.1875
2023-01-03,-1.0,0.0,0.0,0.0,0.0,0.0,0.0,0.0,0.0,-15758.0078125,-15758.0078125,0.0,-15071.875,-830414.0625
2023-01-04,-1.0,0.0,0.0,0.0,0.0,0.0,0.0,0.0,0.0,-19633.984375,-19633.984375,0.0,15758.0078125,-814656.0546875
2023-01-05,-1.0,0.0,0.0,0.0,0.0,0.0,0.0,0.0,0.0,1320.1171875,1320.1171875,0.0,19633.984375,-795022.0703125
2023-01-06,-1.0,0.0,0.0,0.0,0.0,0.0,0.0,0.0,0.0,-45190.0390625,-45190.0390625,0.0,-1320.1171875,-796342.1875
2023-01-09,-1.0,0.0,0.0,0.0,0.0,0.0,0.0,0.0,0.0,-58359.9609375,-59559.9609375,0.0,45190.0390625,-751152.1484375
2023-01-10,0.0,0.0,0.0,0.0,0.0,0.0,251.0,0.0,14796.26953125,0.0,0.0,-119441.9921875,58359.9609375,-692792.1875
2023-01-11,1.0,14822.8603515625,0.0,252.0,0.0,0.0,0.0,0.0,0.0,-8456.0546875,-8456.0546875,0.0,5318.1640625,-687474.0234375
2023-01-12,1.0,0.0,0.0,0.0,0.0,0.0,0.0,0.0,0.0,28493.9453125,28493.9453125,0.0,-8456.0546875,-695930.078125
2023-01-13,1.0,0.0,0.0,0.0,0.0,0.0,0.0,0.0,0.0,-5558.0078125,-5558.0078125,0.0,28493.9453125,-667436.1328125
2023-01-16,1.0,0.0,0.0,0.0,0.0,0.0,0.0,0.0,0.0,5416.015625,5416.015625,0.0,-5558.0078125,-672994.140625
2023-01-17,1.0,0.0,0.0,0.0,0.0,0.0,0.0,0.0,0.0,73838.0859375,73838.0859375,0.0,5416.015625,-667578.125
2023-01-30,1.0,0.0,0.0,0.0,0.0,0.0,0.0,0.0,0.0,25535.9375,25535.9375,0.0,73838.0859375,-593740.0390625
2023-01-31,1.0,0.0,0.0,0.0,0.0,0.0,0.0,0.0,0.0,-14572.0703125,-14572.0703125,0.0,25535.9375,-568204.1015625
2023-02-01,1.0,0.0,0.0,0.0,0.0,0.0,0.0,0.0,0.0,32496.09375,32496.09375,0.0,-14572.0703125,-582776.171875
2023-02-02,1.0,0.0,0.0,0.0,0.0,0.0,0.0,0.0,0.0,16624.0234375,16624.0234375,0.0,32496.09375,-550280.078125
2023-02-03,1.0,0.0,0.0,0.0,0.0,0.0,0.0,0.0,0.0,-15430.078125,-15430.078125,0.0,16624.0234375,-533656.0546875
2023-02-06,1.0,0.0,0.0,0.0,0.0,0.0,0.0,0.0,0.0,-27735.9375,-27735.9375,0.0,-15430.078125,-549086.1328125
2023-02-07,1.0,0.0,0.0,0.0,0.0,0.0,0.0,0.0,0.0,32517.96875,32517.96875,0.0,-27735.9375,-576822.0703125
2023-02-08,1.0,0.0,0.0,0.0,0.0,0.0,0.0,0.0,0.0,10258.0078125,10258.0078125,0.0,32517.96875,-544304.1015625
2023-02-09,1.0,0.0,0.0,0.0,0.0,0.0,0.0,0.0,0.0,7466.015625,7466.015625,0.0,10258.0078125,-534046.09375
2023-02-10,1.0,0.0,0.0,0.0,0.0,0.0,0.0,0.0,0.0,-12514.0625,-12514.0625,0.0,7466.015625,-526580.078125
2023-02-13,1.0,0.0,0.0,0.0,0.0,0.0,0.0,0.0,0.0,3996.09375,3996.09375,0.0,-12514.0625,-539094.140625
2023-02-14,1.0,0.0,0.0,0.0,0.0,0.0,0.0,0.0,0.0,-17414.0625,-17414.0625,0.0,3996.09375,-535098.046875
2023-02-15,1.0,0.0,0.0,0.0,0.0,0.0,0.0,0.0,0.0,-4641.9921875,-4641.9921875,0.0,-17414.0625,-552512.109375
2023-02-16,1.0,0.0,0.0,0.0,0.0,0.0,0.0,0.0,0.0,5858.0078125,5858.0078125,0.0,-4641.9921875,-557154.1015625
2023-02-17,1.0,0.0,0.0,0.0,0.0,0.0,0.0,0.0,0.0,-10348.046875,-10348.046875,0.0,5858.0078125,-551296.09375
2023-02-20,1.0,0.0,0.0,0.0,0.0,0.0,0.0,0.0,0.0,16725.9765625,16725.9765625,0.0,-10348.046875,-561644.140625
2023-02-21,1.0,0.0,0.0,0.0,0.0,0.0,0.0,0.0,0.0,1106.0546875,1106.0546875,0.0,16725.9765625,-544918.1640625
2023-02-22,1.0,0.0,0.0,0.0,0.0,0.0,0.0,0.0,0.0,-15541.9921875,-15541.9921875,0.0,1106.0546875,-543812.109375
2023-02-23,1.0,0.0,0.0,0.0,0.0,0.0,0.0,0.0,0.0,41283.984375,41283.984375,0.0,-15541.9921875,-559354.1015625
2023-02-24,1.0,0.0,0.0,0.0,0.0,0.0,0.0,0.0,0.0,-46900.0,-46900.0,0.0,41283.984375,-518070.1171875
2023-03-01,1.0,0.0,0.0,0.0,0.0,0.0,0.0,0.0,0.0,28980.078125,28980.078125,0.0,-46900.0,-564970.1171875
2023-03-02,1.0,0.0,0.0,0.0,0.0,0.0,0.0,0.0,0.0,8216.015625,8216.015625,0.0,28980.078125,-535990.0390625
2023-03-03,1.0,0.0,0.0,0.0,0.0,0.0,0.0,0.0,0.0,10783.984375,10783.984375,0.0,8216.015625,-527774.0234375
2023-03-06,1.0,0.0,0.0,0.0,0.0,0.0,0.0,0.0,0.0,17717.96875,17717.96875,0.0,10783.984375,-516990.0390625
2023-03-07,1.0,0.0,0.0,0.0,0.0,0.0,0.0,0.0,0.0,11061.9140625,11061.9140625,0.0,17717.96875,-499272.0703125
2023-03-08,1.0,0.0,0.0,0.0,0.0,0.0,0.0,0.0,0.0,1760.15625,1760.15625,0.0,11061.9140625,-488210.15625
2023-03-09,1.0,0.0,0.0,0.0,0.0,0.0,0.0,0.0,0.0,-19738.0859375,-19738.0859375,0.0,1760.15625,-486450.0
2023-03-10,1.0,0.0,0.0,0.0,0.0,0.0,0.0,0.0,0.0,-43051.953125,-43051.953125,0.0,-19738.0859375,-506188.0859375
2023-03-13,1.0,0.0,0.0,0.0,0.0,0.0,0.0,0.0,0.0,741.9921875,-458.0078125,0.0,-43051.953125,-549240.0390625
2023-03-14,0.0,0.0,15517.740234375,0.0,286.0,0.0,0.0,0.0,0.0,0.0,0.0,137775.9765625,741.9921875,-548498.046875
2023-03-15,0.0,0.0,0.0,0.0,0.0,0.0,0.0,0.0,0.0,0.0,0.0,0.0,-18350.0,-566848.046875
2023-03-16,0.0,0.0,0.0,0.0,0.0,0.0,0.0,0.0,0.0,0.0,0.0,0.0,-18348.046875,-585196.09375
2023-03-17,0.0,0.0,0.0,0.0,0.0,0.0,0.0,0.0,0.0,0.0,0.0,0.0,743.9453125,-584452.1484375
2023-03-20,0.0,0.0,0.0,0.0,0.0,0.0,0.0,0.0,0.0,0.0,0.0,0.0,23356.0546875,-561096.09375
2023-03-21,0.0,0.0,0.0,0.0,0.0,0.0,0.0,0.0,0.0,0.0,0.0,0.0,-3359.9609375,-564456.0546875
2023-03-22,0.0,0.0,0.0,0.0,0.0,0.0,0.0,0.0,0.0,0.0,0.0,0.0,19443.9453125,-545012.109375
2023-03-23,0.0,0.0,0.0,0.0,0.0,0.0,0.0,0.0,0.0,0.0,0.0,0.0,35285.9375,-509726.171875
2023-03-24,1.0,15869.83984375,0.0,294.0,0.0,0.0,0.0,0.0,0.0,766.015625,766.015625,0.0,31648.046875,-478078.125
2023-03-27,1.0,0.0,0.0,0.0,0.0,0.0,0.0,0.0,0.0,-16593.9453125,-16593.9453125,0.0,766.015625,-477312.109375
2023-03-28,1.0,0.0,0.0,0.0,0.0,0.0,0.0,0.0,0.0,-4882.03125,-4882.03125,0.0,-16593.9453125,-493906.0546875
2023-03-29,1.0,0.0,0.0,0.0,0.0,0.0,0.0,0.0,0.0,11672.0703125,11672.0703125,0.0,-4882.03125,-498788.0859375
2023-03-30,1.0,0.0,0.0,0.0,0.0,0.0,0.0,0.0,0.0,9908.0078125,9908.0078125,0.0,11672.0703125,-487116.015625
2023-03-31,1.0,0.0,0.0,0.0,0.0,0.0,0.0,0.0,0.0,-7224.0234375,-7224.0234375,0.0,9908.0078125,-477208.0078125
2023-04-06,1.0,0.0,0.0,0.0,0.0,0.0,0.0,0.0,0.0,3624.0234375,3624.0234375,0.0,-7224.0234375,-484432.03125
2023-04-07,1.0,0.0,0.0,0.0,0.0,0.0,0.0,0.0,0.0,-1050.0,-1050.0,0.0,3624.0234375,-480808.0078125
2023-04-10,1.0,0.0,0.0,0.0,0.0,0.0,0.0,0.0,0.0,7103.90625,7103.90625,0.0,-1050.0,-481858.0078125
2023-04-11,1.0,0.0,0.0,0.0,0.0,0.0,0.0,0.0,0.0,5538.0859375,5538.0859375,0.0,7103.90625,-474754.1015625
2023-04-12,1.0,0.0,0.0,0.0,0.0,0.0,0.0,0.0,0.0,-5104.1015625,-5104.1015625,0.0,5538.0859375,-469216.015625
2023-04-13,1.0,0.0,0.0,0.0,0.0,0.0,0.0,0.0,0.0,-6875.9765625,-6875.9765625,0.0,-5104.1015625,-474320.1171875
2023-04-14,1.0,0.0,0.0,0.0,0.0,0.0,0.0,0.0,0.0,16077.9296875,16077.9296875,0.0,-6875.9765625,-481196.09375
2023-04-17,1.0,0.0,0.0,0.0,0.0,0.0,0.0,0.0,0.0,6650.0,6650.0,0.0,16077.9296875,-465118.1640625
2023-04-18,1.0,0.0,0.0,0.0,0.0,0.0,0.0,0.0,0.0,-18647.8515625,-18647.8515625,0.0,6650.0,-458468.1640625
2023-04-19,1.0,0.0,0.0,0.0,0.0,0.0,0.0,0.0,0.0,-20640.0390625,-20640.0390625,0.0,-18647.8515625,-477116.015625
2023-04-20,1.0,0.0,0.0,0.0,0.0,0.0,0.0,0.0,0.0,1017.96875,-182.03125,0.0,-20640.0390625,-497756.0546875
2023-04-21,0.0,0.0,15776.5400390625,0.0,311.0,0.0,0.0,0.0,0.0,0.0,0.0,-19859.9609375,1017.96875,-496738.0859375
2023-04-24,0.0,0.0,0.0,0.0,0.0,0.0,0.0,0.0,0.0,0.0,0.0,0.0,-44288.0859375,-541026.171875
2023-04-25,0.0,0.0,0.0,0.0,0.0,0.0,0.0,0.0,0.0,0.0,0.0,0.0,10346.09375,-530680.078125
2023-04-26,0.0,0.0,0.0,0.0,0.0,0.0,0.0,0.0,0.0,0.0,0.0,0.0,-50959.9609375,-581640.0390625
2023-04-27,0.0,0.0,0.0,0.0,0.0,0.0,0.0,0.0,0.0,0.0,0.0,0.0,4471.875,-577168.1640625
2023-04-28,0.0,0.0,0.0,0.0,0.0,0.0,0.0,0.0,0.0,0.0,0.0,0.0,20590.0390625,-556578.125
2023-05-02,0.0,0.0,0.0,0.0,0.0,0.0,0.0,0.0,0.0,0.0,0.0,0.0,22267.96875,-534310.15625
2023-05-03,0.0,0.0,0.0,0.0,0.0,0.0,0.0,0.0,0.0,0.0,0.0,0.0,8166.015625,-526144.140625
2023-05-04,0.0,0.0,0.0,0.0,0.0,0.0,0.0,0.0,0.0,0.0,0.0,0.0,-16298.046875,-542442.1875
2023-05-05,0.0,0.0,0.0,0.0,0.0,0.0,0.0,0.0,0.0,0.0,0.0,0.0,15982.03125,-526460.15625
2023-05-08,0.0,0.0,0.0,0.0,0.0,0.0,0.0,0.0,0.0,0.0,0.0,0.0,4122.0703125,-522338.0859375
2023-05-09,0.0,0.0,0.0,0.0,0.0,0.0,0.0,0.0,0.0,0.0,0.0,0.0,10743.9453125,-511594.140625
2023-05-10,0.0,0.0,0.0,0.0,0.0,0.0,0.0,0.0,0.0,0.0,0.0,0.0,1244.140625,-510350.0
2023-05-11,0.0,0.0,0.0,0.0,0.0,0.0,0.0,0.0,0.0,0.0,0.0,0.0,-8398.046875,-518748.046875
2023-05-12,0.0,0.0,0.0,0.0,0.0,0.0,0.0,0.0,0.0,0.0,0.0,0.0,-37874.0234375,-556622.0703125
2023-05-15,0.0,0.0,0.0,0.0,0.0,0.0,0.0,0.0,0.0,0.0,0.0,0.0,2411.9140625,-554210.15625
2023-05-16,0.0,0.0,0.0,0.0,0.0,0.0,0.0,0.0,0.0,0.0,0.0,0.0,12278.125,-541932.03125
2023-05-17,0.0,0.0,0.0,0.0,0.0,0.0,0.0,0.0,0.0,0.0,0.0,0.0,30433.984375,-511498.046875
2023-05-18,1.0,16060.259765625,0.0,329.0,0.0,0.0,0.0,0.0,0.0,17206.0546875,17206.0546875,0.0,71503.90625,-439994.140625
2023-05-19,1.0,0.0,0.0,0.0,0.0,0.0,0.0,0.0,0.0,4490.0390625,4490.0390625,0.0,17206.0546875,-422788.0859375
2023-05-22,1.0,0.0,0.0,0.0,0.0,0.0,0.0,0.0,0.0,3482.03125,3482.03125,0.0,4490.0390625,-418298.046875
2023-05-23,1.0,0.0,0.0,0.0,0.0,0.0,0.0,0.0,0.0,93.9453125,93.9453125,0.0,3482.03125,-414816.015625
2023-05-24,1.0,0.0,0.0,0.0,0.0,0.0,0.0,0.0,0.0,-4533.984375,-4533.984375,0.0,93.9453125,-414722.0703125
2023-05-25,1.0,0.0,0.0,0.0,0.0,0.0,0.0,0.0,0.0,69038.0859375,69038.0859375,0.0,-4533.984375,-419256.0546875
2023-05-26,1.0,0.0,0.0,0.0,0.0,0.0,0.0,0.0,0.0,20343.75,20343.75,0.0,69038.0859375,-350217.96875
2023-05-29,1.0,0.0,0.0,0.0,0.0,0.0,0.0,0.0,0.0,7582.03125,7582.03125,0.0,20343.75,-329874.21875
2023-05-30,1.0,0.0,0.0,0.0,0.0,0.0,0.0,0.0,0.0,-11048.046875,-11048.046875,0.0,7582.03125,-322292.1875
2023-05-31,1.0,0.0,0.0,0.0,0.0,0.0,0.0,0.0,0.0,-16505.859375,-16505.859375,0.0,-11048.046875,-333340.234375
2023-06-01,1.0,0.0,0.0,0.0,0.0,0.0,0.0,0.0,0.0,2800.0,2800.0,0.0,-16505.859375,-349846.09375
2023-06-02,1.0,0.0,0.0,0.0,0.0,0.0,0.0,0.0,0.0,37896.09375,37896.09375,0.0,2800.0,-347046.09375
2023-06-05,1.0,0.0,0.0,0.0,0.0,0.0,0.0,0.0,0.0,-300.0,-300.0,0.0,37896.09375,-309150.0
2023-06-06,1.0,0.0,0.0,0.0,0.0,0.0,0.0,0.0,0.0,11755.859375,11755.859375,0.0,-300.0,-309450.0
2023-06-07,1.0,0.0,0.0,0.0,0.0,0.0,0.0,0.0,0.0,18483.984375,18483.984375,0.0,11755.859375,-297694.140625
2023-06-08,1.0,0.0,0.0,0.0,0.0,0.0,0.0,0.0,0.0,-17651.953125,-17651.953125,0.0,18483.984375,-279210.15625
2023-06-09,1.0,0.0,0.0,0.0,0.0,0.0,0.0,0.0,0.0,24714.0625,24714.0625,0.0,-17651.953125,-296862.109375
2023-06-12,1.0,0.0,0.0,0.0,0.0,0.0,0.0,0.0,0.0,47269.921875,47269.921875,0.0,24714.0625,-272148.046875
2023-06-13,1.0,0.0,0.0,0.0,0.0,0.0,0.0,0.0,0.0,10971.875,10971.875,0.0,47269.921875,-224878.125
2023-06-14,1.0,0.0,0.0,0.0,0.0,0.0,0.0,0.0,0.0,13733.984375,13733.984375,0.0,10971.875,-213906.25
2023-06-15,1.0,0.0,0.0,0.0,0.0,0.0,0.0,0.0,0.0,16698.046875,16698.046875,0.0,13733.984375,-200172.265625
2023-06-16,1.0,0.0,0.0,0.0,0.0,0.0,0.0,0.0,0.0,-13757.8125,-13757.8125,0.0,16698.046875,-183474.21875
2023-06-19,1.0,0.0,0.0,0.0,0.0,0.0,0.0,0.0,0.0,-8053.90625,-8053.90625,0.0,-13757.8125,-197232.03125
2023-06-20,1.0,0.0,0.0,0.0,0.0,0.0,0.0,0.0,0.0,-9416.015625,-9416.015625,0.0,-8053.90625,-205285.9375
2023-06-21,1.0,0.0,0.0,0.0,0.0,0.0,0.0,0.0,0.0,-848.046875,-848.046875,0.0,-9416.015625,-214701.953125
2023-06-26,1.0,0.0,0.0,0.0,0.0,0.0,0.0,0.0,0.0,-32066.015625,-32066.015625,0.0,-848.046875,-215550.0
2023-06-27,1.0,0.0,0.0,0.0,0.0,0.0,0.0,0.0,0.0,-23183.984375,-24383.984375,0.0,-32066.015625,-247616.015625
2023-06-28,0.0,0.0,16906.23046875,0.0,356.0,0.0,0.0,0.0,0.0,0.0,0.0,167994.140625,-23183.984375,-270800.0
2023-06-29,0.0,0.0,0.0,0.0,0.0,0.0,0.0,0.0,0.0,0.0,0.0,0.0,4835.9375,-265964.0625
2023-06-30,0.0,0.0,0.0,0.0,0.0,0.0,0.0,0.0,0.0,0.0,0.0,0.0,-12028.125,-277992.1875
2023-07-03,0.0,0.0,0.0,0.0,0.0,0.0,0.0,0.0,0.0,0.0,0.0,0.0,9053.90625,-268938.28125
2023-07-04,0.0,0.0,0.0,0.0,0.0,0.0,0.0,0.0,0.0,0.0,0.0,0.0,33732.03125,-235206.25
2023-07-05,1.0,17140.76953125,0.0,361.0,0.0,0.0,0.0,0.0,0.0,-16867.96875,-16867.96875,0.0,11314.0625,-223892.1875
2023-07-06,1.0,0.0,0.0,0.0,0.0,0.0,0.0,0.0,0.0,-58851.953125,-60051.953125,0.0,-16867.96875,-240760.15625
2023-07-07,0.0,0.0,16762.169921875,0.0,363.0,0.0,0.0,0.0,0.0,0.0,0.0,-76919.921875,-58851.953125,-299612.109375
2023-07-10,-1.0,0.0,0.0,0.0,0.0,364.0,0.0,16664.2109375,0.0,-2295.703125,-2295.703125,0.0,-19591.796875,-319203.90625
2023-07-11,-1.0,0.0,0.0,0.0,0.0,0.0,0.0,0.0,0.0,-45512.109375,-45512.109375,0.0,2295.703125,-316908.203125
2023-07-12,-1.0,0.0,0.0,0.0,0.0,0.0,0.0,0.0,0.0,-18267.96875,-19467.96875,0.0,45512.109375,-271396.09375
2023-07-13,0.0,0.0,0.0,0.0,0.0,0.0,367.0,0.0,16994.58984375,0.0,0.0,-67275.78125,18267.96875,-253128.125
2023-07-14,0.0,0.0,0.0,0.0,0.0,0.0,0.0,0.0,0.0,0.0,0.0,0.0,31644.140625,-221483.984375
2023-07-17,0.0,0.0,0.0,0.0,0.0,0.0,0.0,0.0,0.0,0.0,0.0,0.0,25259.765625,-196224.21875
2023-07-18,1.0,17368.359375,0.0,370.0,0.0,0.0,0.0,0.0,0.0,-20595.703125,-20595.703125,0.0,17850.0,-178374.21875
2023-07-19,1.0,0.0,0.0,0.0,0.0,0.0,0.0,0.0,0.0,-32094.140625,-32094.140625,0.0,-20595.703125,-198969.921875
2023-07-20,1.0,0.0,0.0,0.0,0.0,0.0,0.0,0.0,0.0,275.78125,275.78125,0.0,-32094.140625,-231064.0625
2023-07-21,1.0,0.0,0.0,0.0,0.0,0.0,0.0,0.0,0.0,-13900.0,-13900.0,0.0,275.78125,-230788.28125
2023-07-24,1.0,0.0,0.0,0.0,0.0,0.0,0.0,0.0,0.0,5018.359375,3818.359375,0.0,-13900.0,-244688.28125
2023-07-25,0.0,0.0,17061.880859375,0.0,375.0,0.0,0.0,0.0,0.0,0.0,0.0,-62495.703125,5018.359375,-239669.921875
2023-07-26,0.0,0.0,0.0,0.0,0.0,0.0,0.0,0.0,0.0,0.0,0.0,0.0,28717.96875,-210951.953125
2023-07-27,1.0,17189.30078125,0.0,377.0,0.0,0.0,0.0,0.0,0.0,11041.796875,11041.796875,0.0,-3233.984375,-214185.9375
2023-07-28,1.0,0.0,0.0,0.0,0.0,0.0,0.0,0.0,0.0,19305.859375,19305.859375,0.0,11041.796875,-203144.140625
2023-07-31,1.0,0.0,0.0,0.0,0.0,0.0,0.0,0.0,0.0,-39813.671875,-39813.671875,0.0,19305.859375,-183838.28125
2023-08-01,1.0,0.0,0.0,0.0,0.0,0.0,0.0,0.0,0.0,13050.0,13050.0,0.0,-39813.671875,-223651.953125
2023-08-02,1.0,0.0,0.0,0.0,0.0,0.0,0.0,0.0,0.0,-71996.09375,-73196.09375,0.0,13050.0,-210601.953125
2023-08-04,0.0,0.0,16847.240234375,0.0,382.0,0.0,0.0,0.0,0.0,0.0,0.0,-69612.109375,-71996.09375,-282598.046875
2023-08-07,0.0,0.0,0.0,0.0,0.0,0.0,0.0,0.0,0.0,0.0,0.0,0.0,4714.0625,-277883.984375
2023-08-08,0.0,0.0,0.0,0.0,0.0,0.0,0.0,0.0,0.0,0.0,0.0,0.0,27130.078125,-250753.90625
2023-08-09,0.0,0.0,0.0,0.0,0.0,0.0,0.0,0.0,0.0,0.0,0.0,0.0,-33964.0625,-284717.96875
2023-08-10,0.0,0.0,0.0,0.0,0.0,0.0,0.0,0.0,0.0,0.0,0.0,0.0,-1906.25,-286624.21875
2023-08-11,-1.0,0.0,0.0,0.0,0.0,387.0,0.0,16644.650390625,0.0,11848.046875,11848.046875,0.0,-36491.796875,-323116.015625
2023-08-14,-1.0,0.0,0.0,0.0,0.0,0.0,0.0,0.0,0.0,29355.859375,29355.859375,0.0,-11848.046875,-334964.0625
2023-08-15,-1.0,0.0,0.0,0.0,0.0,0.0,0.0,0.0,0.0,3286.328125,3286.328125,0.0,-29355.859375,-364319.921875
2023-08-16,-1.0,0.0,0.0,0.0,0.0,0.0,0.0,0.0,0.0,2113.671875,2113.671875,0.0,-3286.328125,-367606.25
2023-08-17,-1.0,0.0,0.0,0.0,0.0,0.0,0.0,0.0,0.0,-19366.015625,-19366.015625,0.0,-2113.671875,-369719.921875
2023-08-18,-1.0,0.0,0.0,0.0,0.0,0.0,0.0,0.0,0.0,18864.0625,18864.0625,0.0,19366.015625,-350353.90625
2023-08-21,-1.0,0.0,0.0,0.0,0.0,0.0,0.0,0.0,0.0,-3109.765625,-3109.765625,0.0,-18864.0625,-369217.96875
2023-08-22,-1.0,0.0,0.0,0.0,0.0,0.0,0.0,0.0,0.0,-2140.234375,-2140.234375,0.0,3109.765625,-366108.203125
2023-08-23,-1.0,0.0,0.0,0.0,0.0,0.0,0.0,0.0,0.0,-42127.734375,-42127.734375,0.0,2140.234375,-363967.96875
2023-08-24,-1.0,0.0,0.0,0.0,0.0,0.0,0.0,0.0,0.0,-11500.0,-11500.0,0.0,42127.734375,-321840.234375
2023-08-25,-1.0,0.0,0.0,0.0,0.0,0.0,0.0,0.0,0.0,41933.984375,41933.984375,0.0,11500.0,-310340.234375
2023-08-28,-1.0,0.0,0.0,0.0,0.0,0.0,0.0,0.0,0.0,-5926.171875,-5926.171875,0.0,-41933.984375,-352274.21875
2023-08-29,-1.0,0.0,0.0,0.0,0.0,0.0,0.0,0.0,0.0,-27567.96875,-27567.96875,0.0,5926.171875,-346348.046875
2023-08-30,-1.0,0.0,0.0,0.0,0.0,0.0,0.0,0.0,0.0,-8203.90625,-8203.90625,0.0,27567.96875,-318780.078125
2023-08-31,-1.0,0.0,0.0,0.0,0.0,0.0,0.0,0.0,0.0,13285.9375,13285.9375,0.0,8203.90625,-310576.171875
2023-09-01,-1.0,0.0,0.0,0.0,0.0,0.0,0.0,0.0,0.0,-1750.0,-1750.0,0.0,-13285.9375,-323862.109375
2023-09-04,-1.0,0.0,0.0,0.0,0.0,0.0,0.0,0.0,0.0,-26889.84375,-28089.84375,0.0,1750.0,-322112.109375
2023-09-05,0.0,0.0,0.0,0.0,0.0,0.0,404.0,0.0,16784.119140625,0.0,0.0,-29093.75,26889.84375,-295222.265625
2023-09-06,0.0,0.0,0.0,0.0,0.0,0.0,0.0,0.0,0.0,0.0,0.0,0.0,2450.0,-292772.265625
2023-09-07,0.0,0.0,0.0,0.0,0.0,0.0,0.0,0.0,0.0,0.0,0.0,0.0,-16183.984375,-308956.25
2023-09-08,0.0,0.0,0.0,0.0,0.0,0.0,0.0,0.0,0.0,0.0,0.0,0.0,-21103.90625,-330060.15625
2023-09-11,0.0,0.0,0.0,0.0,0.0,0.0,0.0,0.0,0.0,0.0,0.0,0.0,-6019.921875,-336080.078125
2023-09-12,0.0,0.0,0.0,0.0,0.0,0.0,0.0,0.0,0.0,0.0,0.0,0.0,-29201.953125,-365282.03125
2023-09-13,0.0,0.0,0.0,0.0,0.0,0.0,0.0,0.0,0.0,0.0,0.0,0.0,28862.109375,-336419.921875
2023-09-14,0.0,0.0,0.0,0.0,0.0,0.0,0.0,0.0,0.0,0.0,0.0,0.0,697.65625,-335722.265625
2023-09-15,0.0,0.0,0.0,0.0,0.0,0.0,0.0,0.0,0.0,0.0,0.0,0.0,45624.21875,-290098.046875
2023-09-18,0.0,0.0,0.0,0.0,0.0,0.0,0.0,0.0,0.0,0.0,0.0,0.0,16846.09375,-273251.953125
2023-09-19,0.0,0.0,0.0,0.0,0.0,0.0,0.0,0.0,0.0,0.0,0.0,0.0,-37498.046875,-310750.0
2023-09-20,0.0,0.0,0.0,0.0,0.0,0.0,0.0,0.0,0.0,0.0,0.0,0.0,-15974.21875,-326724.21875
2023-09-21,0.0,0.0,0.0,0.0,0.0,0.0,0.0,0.0,0.0,0.0,0.0,0.0,-30237.890625,-356962.109375
2023-09-22,0.0,0.0,0.0,0.0,0.0,0.0,0.0,0.0,0.0,0.0,0.0,0.0,-41619.921875,-398582.03125
2023-09-25,0.0,0.0,0.0,0.0,0.0,0.0,0.0,0.0,0.0,0.0,0.0,0.0,15691.9921875,-382890.0390625
2023-09-26,0.0,0.0,0.0,0.0,0.0,0.0,0.0,0.0,0.0,0.0,0.0,0.0,18895.8984375,-363994.140625
2023-09-27,0.0,0.0,0.0,0.0,0.0,0.0,0.0,0.0,0.0,0.0,0.0,0.0,-33283.984375,-397278.125
2023-09-28,0.0,0.0,0.0,0.0,0.0,0.0,0.0,0.0,0.0,0.0,0.0,0.0,11374.0234375,-385904.1015625
2023-10-02,0.0,0.0,0.0,0.0,0.0,0.0,0.0,0.0,0.0,0.0,0.0,0.0,10450.0,-375454.1015625
2023-10-03,0.0,0.0,0.0,0.0,0.0,0.0,0.0,0.0,0.0,0.0,0.0,0.0,27456.0546875,-347998.046875
2023-10-04,0.0,0.0,0.0,0.0,0.0,0.0,0.0,0.0,0.0,0.0,0.0,0.0,-20151.953125,-368150.0
2023-10-05,0.0,0.0,0.0,0.0,0.0,0.0,0.0,0.0,0.0,0.0,0.0,0.0,-21118.1640625,-389268.1640625
2023-10-06,0.0,0.0,0.0,0.0,0.0,0.0,0.0,0.0,0.0,0.0,0.0,0.0,33808.0078125,-355460.15625
2023-10-11,0.0,0.0,0.0,0.0,0.0,0.0,0.0,0.0,0.0,0.0,0.0,0.0,16900.0,-338560.15625
2023-10-12,0.0,0.0,0.0,0.0,0.0,0.0,0.0,0.0,0.0,0.0,0.0,0.0,26283.984375,-312276.171875
2023-10-13,0.0,0.0,0.0,0.0,0.0,0.0,0.0,0.0,0.0,0.0,0.0,0.0,23412.109375,-288864.0625
2023-10-16,0.0,0.0,0.0,0.0,0.0,0.0,0.0,0.0,0.0,0.0,0.0,0.0,-20596.09375,-309460.15625
2023-10-17,0.0,0.0,0.0,0.0,0.0,0.0,0.0,0.0,0.0,0.0,0.0,0.0,-6930.078125,-316390.234375
2023-10-18,0.0,0.0,0.0,0.0,0.0,0.0,0.0,0.0,0.0,0.0,0.0,0.0,-14051.953125,-330442.1875
2023-10-19,0.0,0.0,0.0,0.0,0.0,0.0,0.0,0.0,0.0,0.0,0.0,0.0,-38296.09375,-368738.28125
2023-10-20,0.0,0.0,0.0,0.0,0.0,0.0,0.0,0.0,0.0,0.0,0.0,0.0,3578.125,-365160.15625
2023-10-23,0.0,0.0,0.0,0.0,0.0,0.0,0.0,0.0,0.0,0.0,0.0,0.0,-8603.90625,-373764.0625
2023-10-24,0.0,0.0,0.0,0.0,0.0,0.0,0.0,0.0,0.0,0.0,0.0,0.0,-26722.0703125,-400486.1328125
2023-10-25,0.0,0.0,0.0,0.0,0.0,0.0,0.0,0.0,0.0,0.0,0.0,0.0,12582.03125,-387904.1015625
2023-10-26,0.0,0.0,0.0,0.0,0.0,0.0,0.0,0.0,0.0,0.0,0.0,0.0,-3109.9609375,-391014.0625
2023-10-27,0.0,0.0,0.0,0.0,0.0,0.0,0.0,0.0,0.0,0.0,0.0,0.0,-38482.03125,-429496.09375
2023-10-30,0.0,0.0,0.0,0.0,0.0,0.0,0.0,0.0,0.0,0.0,0.0,0.0,5861.9140625,-423634.1796875
2023-10-31,0.0,0.0,0.0,0.0,0.0,0.0,0.0,0.0,0.0,0.0,0.0,0.0,6904.1015625,-416730.078125
2023-11-01,0.0,0.0,0.0,0.0,0.0,0.0,0.0,0.0,0.0,0.0,0.0,0.0,-29772.0703125,-446502.1484375
2023-11-02,0.0,0.0,0.0,0.0,0.0,0.0,0.0,0.0,0.0,0.0,0.0,0.0,13308.0078125,-433194.140625
2023-11-03,0.0,0.0,0.0,0.0,0.0,0.0,0.0,0.0,0.0,0.0,0.0,0.0,63655.859375,-369538.28125
2023-11-06,0.0,0.0,0.0,0.0,0.0,0.0,0.0,0.0,0.0,0.0,0.0,0.0,32004.296875,-337533.984375
2023-11-07,1.0,16650.140625,0.0,446.0,0.0,0.0,0.0,0.0,0.0,8235.9375,8235.9375,0.0,15516.015625,-322017.96875
2023-11-08,1.0,0.0,0.0,0.0,0.0,0.0,0.0,0.0,0.0,9967.96875,9967.96875,0.0,8235.9375,-313782.03125
2023-11-09,1.0,0.0,0.0,0.0,0.0,0.0,0.0,0.0,0.0,-3044.140625,-3044.140625,0.0,9967.96875,-303814.0625
2023-11-10,1.0,0.0,0.0,0.0,0.0,0.0,0.0,0.0,0.0,-2882.03125,-2882.03125,0.0,-3044.140625,-306858.203125
2023-11-13,1.0,0.0,0.0,0.0,0.0,0.0,0.0,0.0,0.0,34598.046875,34598.046875,0.0,-2882.03125,-309740.234375
2023-11-14,1.0,0.0,0.0,0.0,0.0,0.0,0.0,0.0,0.0,31019.921875,31019.921875,0.0,34598.046875,-275142.1875
2023-11-15,1.0,0.0,0.0,0.0,0.0,0.0,0.0,0.0,0.0,19380.078125,19380.078125,0.0,31019.921875,-244122.265625
2023-11-16,1.0,0.0,0.0,0.0,0.0,0.0,0.0,0.0,0.0,3867.96875,3867.96875,0.0,19380.078125,-224742.1875
2023-11-17,1.0,0.0,0.0,0.0,0.0,0.0,0.0,0.0,0.0,8392.1875,8392.1875,0.0,3867.96875,-220874.21875
2023-11-20,1.0,0.0,0.0,0.0,0.0,0.0,0.0,0.0,0.0,8423.828125,8423.828125,0.0,8392.1875,-212482.03125
2023-11-21,1.0,0.0,0.0,0.0,0.0,0.0,0.0,0.0,0.0,17132.03125,17132.03125,0.0,8423.828125,-204058.203125
2023-11-22,1.0,0.0,0.0,0.0,0.0,0.0,0.0,0.0,0.0,-6853.90625,-6853.90625,0.0,17132.03125,-186926.171875
2023-11-23,1.0,0.0,0.0,0.0,0.0,0.0,0.0,0.0,0.0,2664.0625,2664.0625,0.0,-6853.90625,-193780.078125
2023-11-24,1.0,0.0,0.0,0.0,0.0,0.0,0.0,0.0,0.0,-2683.984375,-2683.984375,0.0,2664.0625,-191116.015625
2023-11-27,1.0,0.0,0.0,0.0,0.0,0.0,0.0,0.0,0.0,-28185.9375,-28185.9375,0.0,-2683.984375,-193800.0
2023-11-28,1.0,0.0,0.0,0.0,0.0,0.0,0.0,0.0,0.0,40361.71875,40361.71875,0.0,-28185.9375,-221985.9375
2023-11-29,1.0,0.0,0.0,0.0,0.0,0.0,0.0,0.0,0.0,7417.96875,7417.96875,0.0,40361.71875,-181624.21875
2023-11-30,1.0,0.0,0.0,0.0,0.0,0.0,0.0,0.0,0.0,6630.078125,6630.078125,0.0,7417.96875,-174206.25
2023-12-01,1.0,0.0,0.0,0.0,0.0,0.0,0.0,0.0,0.0,5658.203125,5658.203125,0.0,6630.078125,-167576.171875
2023-12-04,1.0,0.0,0.0,0.0,0.0,0.0,0.0,0.0,0.0,-9810.15625,-9810.15625,0.0,5658.203125,-161917.96875
2023-12-05,1.0,0.0,0.0,0.0,0.0,0.0,0.0,0.0,0.0,-12153.90625,-12153.90625,0.0,-9810.15625,-171728.125
2023-12-06,1.0,0.0,0.0,0.0,0.0,0.0,0.0,0.0,0.0,3219.921875,3219.921875,0.0,-12153.90625,-183882.03125
2023-12-07,1.0,0.0,0.0,0.0,0.0,0.0,0.0,0.0,0.0,-9512.109375,-9512.109375,0.0,3219.921875,-180662.109375
2023-12-08,1.0,0.0,0.0,0.0,0.0,0.0,0.0,0.0,0.0,21520.3125,21520.3125,0.0,-9512.109375,-190174.21875
2023-12-11,1.0,0.0,0.0,0.0,0.0,0.0,0.0,0.0,0.0,2529.6875,2529.6875,0.0,21520.3125,-168653.90625
2023-12-12,1.0,0.0,0.0,0.0,0.0,0.0,0.0,0.0,0.0,3580.078125,3580.078125,0.0,2529.6875,-166124.21875
2023-12-13,1.0,0.0,0.0,0.0,0.0,0.0,0.0,0.0,0.0,6974.21875,6974.21875,0.0,3580.078125,-162544.140625
2023-12-14,1.0,0.0,0.0,0.0,0.0,0.0,0.0,0.0,0.0,42189.84375,42189.84375,0.0,6974.21875,-155569.921875
2023-12-15,1.0,0.0,0.0,0.0,0.0,0.0,0.0,0.0,0.0,-11094.140625,-11094.140625,0.0,42189.84375,-113380.078125
2023-12-18,1.0,0.0,0.0,0.0,0.0,0.0,0.0,0.0,0.0,6396.09375,6396.09375,0.0,-11094.140625,-124474.21875
2023-12-19,1.0,0.0,0.0,0.0,0.0,0.0,0.0,0.0,0.0,-12298.046875,-12298.046875,0.0,6396.09375,-118078.125
2023-12-20,1.0,0.0,0.0,0.0,0.0,0.0,0.0,0.0,0.0,-15380.078125,-15380.078125,0.0,-12298.046875,-130376.171875
2023-12-21,1.0,0.0,0.0,0.0,0.0,0.0,0.0,0.0,0.0,10942.1875,10942.1875,0.0,-15380.078125,-145756.25
2023-12-22,1.0,0.0,0.0,0.0,0.0,0.0,0.0,0.0,0.0,2021.875,2021.875,0.0,10942.1875,-134814.0625
2023-12-25,1.0,0.0,0.0,0.0,0.0,0.0,0.0,0.0,0.0,4564.0625,4564.0625,0.0,2021.875,-132792.1875
2023-12-26,1.0,0.0,0.0,0.0,0.0,0.0,0.0,0.0,0.0,29528.125,29528.125,0.0,4564.0625,-128228.125
2023-12-27,1.0,0.0,0.0,0.0,0.0,0.0,0.0,0.0,0.0,26805.859375,26805.859375,0.0,29528.125,-98700.0
2023-12-28,1.0,0.0,0.0,0.0,0.0,0.0,0.0,0.0,0.0,-1425.78125,-1425.78125,0.0,26805.859375,-71894.140625
2023-12-29,1.0,0.0,0.0,0.0,0.0,0.0,0.0,0.0,0.0,9231.640625,9231.640625,0.0,-1425.78125,-73319.921875
2024-01-02,1.0,0.0,0.0,0.0,0.0,0.0,0.0,0.0,0.0,-22101.953125,-22101.953125,0.0,9231.640625,-64088.28125
2024-01-03,1.0,0.0,0.0,0.0,0.0,0.0,0.0,0.0,0.0,-50977.734375,-50977.734375,0.0,-22101.953125,-86190.234375
2024-01-04,1.0,0.0,0.0,0.0,0.0,0.0,0.0,0.0,0.0,-2998.046875,-4198.046875,0.0,-50977.734375,-137167.96875
2024-01-05,0.0,0.0,17559.400390625,0.0,488.0,0.0,0.0,0.0,0.0,0.0,0.0,180651.953125,-2998.046875,-140166.015625
2024-01-08,0.0,0.0,0.0,0.0,0.0,0.0,0.0,0.0,0.0,0.0,0.0,0.0,-4976.171875,-145142.1875
2024-01-09,0.0,0.0,0.0,0.0,0.0,0.0,0.0,0.0,0.0,0.0,0.0,0.0,10176.171875,-134966.015625
2024-01-10,0.0,0.0,0.0,0.0,0.0,0.0,0.0,0.0,0.0,0.0,0.0,0.0,-17946.09375,-152912.109375
2024-01-11,0.0,0.0,0.0,0.0,0.0,0.0,0.0,0.0,0.0,0.0,0.0,0.0,-3557.8125,-156469.921875
2024-01-12,0.0,0.0,0.0,0.0,0.0,0.0,0.0,0.0,0.0,0.0,0.0,0.0,11633.984375,-144835.9375
2024-01-15,0.0,0.0,0.0,0.0,0.0,0.0,0.0,0.0,0.0,0.0,0.0,0.0,1041.796875,-143794.140625
2024-01-16,0.0,0.0,0.0,0.0,0.0,0.0,0.0,0.0,0.0,0.0,0.0,0.0,-3496.09375,-147290.234375
2024-01-17,0.0,0.0,0.0,0.0,0.0,0.0,0.0,0.0,0.0,0.0,0.0,0.0,-36439.84375,-183730.078125
2024-01-18,-1.0,0.0,0.0,0.0,0.0,497.0,0.0,17169.099609375,0.0,-75482.03125,-75482.03125,0.0,-34496.09375,-218226.171875
2024-01-19,-1.0,0.0,0.0,0.0,0.0,0.0,0.0,0.0,0.0,-44853.90625,-44853.90625,0.0,75482.03125,-142744.140625
2024-01-22,-1.0,0.0,0.0,0.0,0.0,0.0,0.0,0.0,0.0,-13900.0,-15100.0,0.0,44853.90625,-97890.234375
2024-01-23,0.0,0.0,0.0,0.0,0.0,0.0,500.0,0.0,17840.279296875,0.0,0.0,-135435.9375,13900.0,-83990.234375
2024-01-24,1.0,17883.619140625,0.0,501.0,0.0,0.0,0.0,0.0,0.0,2242.1875,2242.1875,0.0,8667.96875,-75322.265625
2024-01-25,1.0,0.0,0.0,0.0,0.0,0.0,0.0,0.0,0.0,18121.875,18121.875,0.0,2242.1875,-73080.078125
2024-01-26,1.0,0.0,0.0,0.0,0.0,0.0,0.0,0.0,0.0,3160.15625,3160.15625,0.0,18121.875,-54958.203125
2024-01-29,1.0,0.0,0.0,0.0,0.0,0.0,0.0,0.0,0.0,16441.796875,16441.796875,0.0,3160.15625,-51798.046875
2024-01-30,1.0,0.0,0.0,0.0,0.0,0.0,0.0,0.0,0.0,-22607.8125,-22607.8125,0.0,16441.796875,-35356.25
2024-01-31,1.0,0.0,0.0,0.0,0.0,0.0,0.0,0.0,0.0,-19828.125,-19828.125,0.0,-22607.8125,-57964.0625
2024-02-01,1.0,0.0,0.0,0.0,0.0,0.0,0.0,0.0,0.0,29016.015625,29016.015625,0.0,-19828.125,-77792.1875
2024-02-02,1.0,0.0,0.0,0.0,0.0,0.0,0.0,0.0,0.0,6210.15625,6210.15625,0.0,29016.015625,-48776.171875
2024-02-05,1.0,0.0,0.0,0.0,0.0,0.0,0.0,0.0,0.0,123409.765625,123409.765625,0.0,6210.15625,-42566.015625
2024-02-15,1.0,0.0,0.0,0.0,0.0,0.0,0.0,0.0,0.0,-4957.8125,-4957.8125,0.0,123409.765625,80843.75
2024-02-16,1.0,0.0,0.0,0.0,0.0,0.0,0.0,0.0,0.0,-15724.21875,-15724.21875,0.0,-4957.8125,75885.9375
2024-02-19,1.0,0.0,0.0,0.0,0.0,0.0,0.0,0.0,0.0,9834.375,9834.375,0.0,-15724.21875,60161.71875
2024-02-20,1.0,0.0,0.0,0.0,0.0,0.0,0.0,0.0,0.0,12655.859375,12655.859375,0.0,9834.375,69996.09375
2024-02-21,1.0,0.0,0.0,0.0,0.0,0.0,0.0,0.0,0.0,30671.875,30671.875,0.0,12655.859375,82651.953125
2024-02-22,1.0,0.0,0.0,0.0,0.0,0.0,0.0,0.0,0.0,24644.140625,24644.140625,0.0,30671.875,113323.828125
2024-02-23,1.0,0.0,0.0,0.0,0.0,0.0,0.0,0.0,0.0,-10135.9375,-10135.9375,0.0,24644.140625,137967.96875
2024-02-26,1.0,0.0,0.0,0.0,0.0,0.0,0.0,0.0,0.0,13019.921875,13019.921875,0.0,-10135.9375,127832.03125
2024-02-27,1.0,0.0,0.0,0.0,0.0,0.0,0.0,0.0,0.0,-33590.234375,-33590.234375,0.0,13019.921875,140851.953125
2024-02-29,1.0,0.0,0.0,0.0,0.0,0.0,0.0,0.0,0.0,44962.109375,44962.109375,0.0,-33590.234375,107261.71875
2024-03-01,1.0,0.0,0.0,0.0,0.0,0.0,0.0,0.0,0.0,-13732.03125,-13732.03125,0.0,44962.109375,152223.828125
2024-03-04,1.0,0.0,0.0,0.0,0.0,0.0,0.0,0.0,0.0,89256.25,89256.25,0.0,-13732.03125,138491.796875
2024-03-05,1.0,0.0,0.0,0.0,0.0,0.0,0.0,0.0,0.0,-23072.265625,-23072.265625,0.0,89256.25,227748.046875
2024-03-06,1.0,0.0,0.0,0.0,0.0,0.0,0.0,0.0,0.0,78950.0,78950.0,0.0,-23072.265625,204675.78125
2024-03-07,1.0,0.0,0.0,0.0,0.0,0.0,0.0,0.0,0.0,57626.171875,57626.171875,0.0,78950.0,283625.78125
2024-03-08,1.0,0.0,0.0,0.0,0.0,0.0,0.0,0.0,0.0,-58917.96875,-58917.96875,0.0,57626.171875,341251.953125
2024-03-11,1.0,0.0,0.0,0.0,0.0,0.0,0.0,0.0,0.0,171.875,171.875,0.0,-58917.96875,282333.984375
2024-03-12,1.0,0.0,0.0,0.0,0.0,0.0,0.0,0.0,0.0,70414.0625,70414.0625,0.0,171.875,282505.859375
2024-03-13,1.0,0.0,0.0,0.0,0.0,0.0,0.0,0.0,0.0,-20839.84375,-20839.84375,0.0,70414.0625,352919.921875
2024-03-14,1.0,0.0,0.0,0.0,0.0,0.0,0.0,0.0,0.0,-15036.328125,-15036.328125,0.0,-20839.84375,332080.078125
2024-03-15,1.0,0.0,0.0,0.0,0.0,0.0,0.0,0.0,0.0,-27867.96875,-27867.96875,0.0,-15036.328125,317043.75
2024-03-18,1.0,0.0,0.0,0.0,0.0,0.0,0.0,0.0,0.0,18401.953125,18401.953125,0.0,-27867.96875,289175.78125
2024-03-19,1.0,0.0,0.0,0.0,0.0,0.0,0.0,0.0,0.0,16226.171875,16226.171875,0.0,18401.953125,307577.734375
2024-03-20,1.0,0.0,0.0,0.0,0.0,0.0,0.0,0.0,0.0,-7089.84375,-7089.84375,0.0,16226.171875,323803.90625
2024-03-21,1.0,0.0,0.0,0.0,0.0,0.0,0.0,0.0,0.0,77651.953125,77651.953125,0.0,-7089.84375,316714.0625
2024-03-22,1.0,0.0,0.0,0.0,0.0,0.0,0.0,0.0,0.0,-683.984375,-683.984375,0.0,77651.953125,394366.015625
2024-03-25,1.0,0.0,0.0,0.0,0.0,0.0,0.0,0.0,0.0,-3951.953125,-3951.953125,0.0,-683.984375,393682.03125
2024-03-26,1.0,0.0,0.0,0.0,0.0,0.0,0.0,0.0,0.0,-10162.109375,-10162.109375,0.0,-3951.953125,389730.078125
2024-03-27,1.0,0.0,0.0,0.0,0.0,0.0,0.0,0.0,0.0,11053.90625,11053.90625,0.0,-10162.109375,379567.96875
2024-03-28,1.0,0.0,0.0,0.0,0.0,0.0,0.0,0.0,0.0,-11400.0,-11400.0,0.0,11053.90625,390621.875
2024-03-29,1.0,0.0,0.0,0.0,0.0,0.0,0.0,0.0,0.0,32678.125,32678.125,0.0,-11400.0,379221.875
2024-04-01,1.0,0.0,0.0,0.0,0.0,0.0,0.0,0.0,0.0,8016.015625,8016.015625,0.0,32678.125,411900.0
2024-04-02,1.0,0.0,0.0,0.0,0.0,0.0,0.0,0.0,0.0,5805.859375,5805.859375,0.0,8016.015625,419916.015625
2024-04-03,1.0,0.0,0.0,0.0,0.0,0.0,0.0,0.0,0.0,1242.1875,1242.1875,0.0,5805.859375,425721.875
2024-04-08,1.0,0.0,0.0,0.0,0.0,0.0,0.0,0.0,0.0,25301.953125,25301.953125,0.0,1242.1875,426964.0625
2024-04-09,1.0,0.0,0.0,0.0,0.0,0.0,0.0,0.0,0.0,53571.875,53571.875,0.0,25301.953125,452266.015625
2024-04-10,1.0,0.0,0.0,0.0,0.0,0.0,0.0,0.0,0.0,-15233.984375,-15233.984375,0.0,53571.875,505837.890625
2024-04-11,1.0,0.0,0.0,0.0,0.0,0.0,0.0,0.0,0.0,11907.8125,11907.8125,0.0,-15233.984375,490603.90625
2024-04-12,1.0,0.0,0.0,0.0,0.0,0.0,0.0,0.0,0.0,-37251.953125,-37251.953125,0.0,11907.8125,502511.71875
2024-04-15,1.0,0.0,0.0,0.0,0.0,0.0,0.0,0.0,0.0,-44283.984375,-44283.984375,0.0,-37251.953125,465259.765625
2024-04-16,1.0,0.0,0.0,0.0,0.0,0.0,0.0,0.0,0.0,-75698.046875,-76898.046875,0.0,-44283.984375,420975.78125
2024-04-17,0.0,0.0,19986.619140625,0.0,551.0,0.0,0.0,0.0,0.0,0.0,0.0,419400.0,-75698.046875,345277.734375
2024-04-18,-1.0,0.0,0.0,0.0,0.0,552.0,0.0,20126.5703125,0.0,26901.953125,26901.953125,0.0,27990.234375,373267.96875
2024-04-19,-1.0,0.0,0.0,0.0,0.0,0.0,0.0,0.0,0.0,105124.21875,105124.21875,0.0,-26901.953125,346366.015625
2024-04-22,-1.0,0.0,0.0,0.0,0.0,0.0,0.0,0.0,0.0,-19588.28125,-19588.28125,0.0,-105124.21875,241241.796875
2024-04-23,-1.0,0.0,0.0,0.0,0.0,0.0,0.0,0.0,0.0,-41216.015625,-41216.015625,0.0,19588.28125,260830.078125
2024-04-24,-1.0,0.0,0.0,0.0,0.0,0.0,0.0,0.0,0.0,-46507.8125,-46507.8125,0.0,41216.015625,302046.09375
2024-04-25,-1.0,0.0,0.0,0.0,0.0,0.0,0.0,0.0,0.0,-18233.984375,-18233.984375,0.0,46507.8125,348553.90625
2024-04-26,-1.0,0.0,0.0,0.0,0.0,0.0,0.0,0.0,0.0,-28351.953125,-28351.953125,0.0,18233.984375,366787.890625
2024-04-29,-1.0,0.0,0.0,0.0,0.0,0.0,0.0,0.0,0.0,-54510.15625,-55710.15625,0.0,28351.953125,395139.84375
2024-04-30,0.0,0.0,0.0,0.0,0.0,0.0,560.0,0.0,20508.48046875,0.0,0.0,-77582.03125,54510.15625,449650.0
2024-05-02,1.0,20360.669921875,0.0,561.0,0.0,0.0,0.0,0.0,0.0,4262.109375,4262.109375,0.0,-29562.109375,420087.890625
2024-05-03,1.0,0.0,0.0,0.0,0.0,0.0,0.0,0.0,0.0,19564.0625,19564.0625,0.0,4262.109375,424350.0
2024-05-06,1.0,0.0,0.0,0.0,0.0,0.0,0.0,0.0,0.0,30963.671875,30963.671875,0.0,19564.0625,443914.0625
2024-05-07,1.0,0.0,0.0,0.0,0.0,0.0,0.0,0.0,0.0,-6087.890625,-6087.890625,0.0,30963.671875,474877.734375
2024-05-08,1.0,0.0,0.0,0.0,0.0,0.0,0.0,0.0,0.0,21174.21875,21174.21875,0.0,-6087.890625,468789.84375
2024-05-09,1.0,0.0,0.0,0.0,0.0,0.0,0.0,0.0,0.0,-25586.328125,-25586.328125,0.0,21174.21875,489964.0625
2024-05-10,1.0,0.0,0.0,0.0,0.0,0.0,0.0,0.0,0.0,64608.203125,64608.203125,0.0,-25586.328125,464377.734375
2024-05-13,1.0,0.0,0.0,0.0,0.0,0.0,0.0,0.0,0.0,-13842.1875,-13842.1875,0.0,64608.203125,528985.9375
2024-05-14,1.0,0.0,0.0,0.0,0.0,0.0,0.0,0.0,0.0,29750.0,29750.0,0.0,-13842.1875,515143.75
2024-05-15,1.0,0.0,0.0,0.0,0.0,0.0,0.0,0.0,0.0,66864.0625,66864.0625,0.0,29750.0,544893.75
2024-05-16,1.0,0.0,0.0,0.0,0.0,0.0,0.0,0.0,0.0,5546.09375,5546.09375,0.0,66864.0625,611757.8125
2024-05-17,1.0,0.0,0.0,0.0,0.0,0.0,0.0,0.0,0.0,-13673.828125,-13673.828125,0.0,5546.09375,617303.90625
2024-05-20,1.0,0.0,0.0,0.0,0.0,0.0,0.0,0.0,0.0,-7824.21875,-7824.21875,0.0,-13673.828125,603630.078125
2024-05-21,1.0,0.0,0.0,0.0,0.0,0.0,0.0,0.0,0.0,1946.09375,1946.09375,0.0,-7824.21875,595805.859375
2024-05-22,1.0,0.0,0.0,0.0,0.0,0.0,0.0,0.0,0.0,83969.921875,83969.921875,0.0,1946.09375,597751.953125
2024-05-23,1.0,0.0,0.0,0.0,0.0,0.0,0.0,0.0,0.0,-45233.984375,-45233.984375,0.0,83969.921875,681721.875
2024-05-24,1.0,0.0,0.0,0.0,0.0,0.0,0.0,0.0,0.0,51462.109375,51462.109375,0.0,-45233.984375,636487.890625
2024-05-27,1.0,0.0,0.0,0.0,0.0,0.0,0.0,0.0,0.0,22443.75,22443.75,0.0,51462.109375,687950.0
2024-05-28,1.0,0.0,0.0,0.0,0.0,0.0,0.0,0.0,0.0,6842.1875,6842.1875,0.0,22443.75,710393.75
2024-05-29,1.0,0.0,0.0,0.0,0.0,0.0,0.0,0.0,0.0,-73003.90625,-73003.90625,0.0,6842.1875,717235.9375
2024-05-30,1.0,0.0,0.0,0.0,0.0,0.0,0.0,0.0,0.0,-16112.109375,-16112.109375,0.0,-73003.90625,644232.03125
2024-05-31,1.0,0.0,0.0,0.0,0.0,0.0,0.0,0.0,0.0,-2423.828125,-2423.828125,0.0,-16112.109375,628119.921875
2024-06-03,1.0,0.0,0.0,0.0,0.0,0.0,0.0,0.0,0.0,25027.734375,25027.734375,0.0,-2423.828125,625696.09375
2024-06-04,1.0,0.0,0.0,0.0,0.0,0.0,0.0,0.0,0.0,-25769.921875,-25769.921875,0.0,25027.734375,650723.828125
2024-06-05,1.0,0.0,0.0,0.0,0.0,0.0,0.0,0.0,0.0,94226.171875,94226.171875,0.0,-25769.921875,624953.90625
2024-06-06,1.0,0.0,0.0,0.0,0.0,0.0,0.0,0.0,0.0,-6502.34375,-6502.34375,0.0,94226.171875,719180.078125
2024-06-07,1.0,0.0,0.0,0.0,0.0,0.0,0.0,0.0,0.0,32160.15625,32160.15625,0.0,-6502.34375,712677.734375
2024-06-11,1.0,0.0,0.0,0.0,0.0,0.0,0.0,0.0,0.0,-28521.875,-28521.875,0.0,32160.15625,744837.890625
2024-06-12,1.0,0.0,0.0,0.0,0.0,0.0,0.0,0.0,0.0,75166.015625,75166.015625,0.0,-28521.875,716316.015625
2024-06-13,1.0,0.0,0.0,0.0,0.0,0.0,0.0,0.0,0.0,18857.8125,18857.8125,0.0,75166.015625,791482.03125
2024-06-14,1.0,0.0,0.0,0.0,0.0,0.0,0.0,0.0,0.0,31235.9375,31235.9375,0.0,18857.8125,810339.84375
2024-06-17,1.0,0.0,0.0,0.0,0.0,0.0,0.0,0.0,0.0,44446.09375,44446.09375,0.0,31235.9375,841575.78125
2024-06-18,1.0,0.0,0.0,0.0,0.0,0.0,0.0,0.0,0.0,33621.875,33621.875,0.0,44446.09375,886021.875
2024-06-19,1.0,0.0,0.0,0.0,0.0,0.0,0.0,0.0,0.0,67648.046875,67648.046875,0.0,33621.875,919643.75
2024-06-20,1.0,0.0,0.0,0.0,0.0,0.0,0.0,0.0,0.0,-557.8125,-557.8125,0.0,67648.046875,987291.796875
2024-06-21,1.0,0.0,0.0,0.0,0.0,0.0,0.0,0.0,0.0,-13917.96875,-13917.96875,0.0,-557.8125,986733.984375
2024-06-24,1.0,0.0,0.0,0.0,0.0,0.0,0.0,0.0,0.0,-85832.03125,-85832.03125,0.0,-13917.96875,972816.015625
2024-06-25,1.0,0.0,0.0,0.0,0.0,0.0,0.0,0.0,0.0,48683.984375,48683.984375,0.0,-85832.03125,886983.984375
2024-06-26,1.0,0.0,0.0,0.0,0.0,0.0,0.0,0.0,0.0,-15728.125,-15728.125,0.0,48683.984375,935667.96875
2024-06-27,1.0,0.0,0.0,0.0,0.0,0.0,0.0,0.0,0.0,7358.203125,7358.203125,0.0,-15728.125,919939.84375
2024-06-28,1.0,0.0,0.0,0.0,0.0,0.0,0.0,0.0,0.0,29195.703125,29195.703125,0.0,7358.203125,927298.046875
2024-07-01,1.0,0.0,0.0,0.0,0.0,0.0,0.0,0.0,0.0,-5991.796875,-5991.796875,0.0,29195.703125,956493.75
2024-07-02,1.0,0.0,0.0,0.0,0.0,0.0,0.0,0.0,0.0,-583.984375,-583.984375,0.0,-5991.796875,950501.953125
2024-07-03,1.0,0.0,0.0,0.0,0.0,0.0,0.0,0.0,0.0,70212.109375,70212.109375,0.0,-583.984375,949917.96875
2024-07-04,1.0,0.0,0.0,0.0,0.0,0.0,0.0,0.0,0.0,34225.78125,34225.78125,0.0,70212.109375,1020130.078125
2024-07-05,1.0,0.0,0.0,0.0,0.0,0.0,0.0,0.0,0.0,3726.171875,3726.171875,0.0,34225.78125,1054355.859375
2024-07-08,1.0,0.0,0.0,0.0,0.0,0.0,0.0,0.0,0.0,67511.71875,67511.71875,0.0,3726.171875,1058082.03125
2024-07-09,1.0,0.0,0.0,0.0,0.0,0.0,0.0,0.0,0.0,-28663.671875,-28663.671875,0.0,67511.71875,1125593.75
2024-07-10,1.0,0.0,0.0,0.0,0.0,0.0,0.0,0.0,0.0,99429.6875,99429.6875,0.0,-28663.671875,1096930.078125
2024-07-11,1.0,0.0,0.0,0.0,0.0,0.0,0.0,0.0,0.0,-57271.875,-57271.875,0.0,99429.6875,1196359.765625
2024-07-12,1.0,0.0,0.0,0.0,0.0,0.0,0.0,0.0,0.0,-5551.953125,-5551.953125,0.0,-57271.875,1139087.890625
2024-07-15,1.0,0.0,0.0,0.0,0.0,0.0,0.0,0.0,0.0,-9516.015625,-9516.015625,0.0,-5551.953125,1133535.9375
2024-07-16,1.0,0.0,0.0,0.0,0.0,0.0,0.0,0.0,0.0,-10612.109375,-10612.109375,0.0,-9516.015625,1124019.921875
2024-07-17,1.0,0.0,0.0,0.0,0.0,0.0,0.0,0.0,0.0,-90851.953125,-90851.953125,0.0,-10612.109375,1113407.8125
2024-07-18,1.0,0.0,0.0,0.0,0.0,0.0,0.0,0.0,0.0,-28994.140625,-28994.140625,0.0,-90851.953125,1022555.859375
2024-07-19,1.0,0.0,0.0,0.0,0.0,0.0,0.0,0.0,0.0,-81835.9375,-83035.9375,0.0,-28994.140625,993561.71875
2024-07-22,0.0,0.0,22818.859375,0.0,617.0,0.0,0.0,0.0,0.0,0.0,0.0,490437.890625,-81835.9375,911725.78125
2024-07-23,-1.0,0.0,0.0,0.0,0.0,618.0,0.0,22514.75,0.0,61564.0625,61564.0625,0.0,-60821.875,850903.90625
2024-07-26,-1.0,0.0,0.0,0.0,0.0,0.0,0.0,0.0,0.0,-22887.890625,-24087.890625,0.0,-61564.0625,789339.84375
2024-07-29,-2.0,0.0,22321.369140625,0.0,0.0,0.0,620.0,0.0,0.0,0.0,0.0,0.0,22887.890625,812227.734375
